STATIONS_ID;MESS_DATUM_BEGINN;MESS_DATUM_ENDE;QN_4;MO_N;MO_TT;MO_TX;MO_TN;MO_FK;MX_TX;MX_FX;MX_TN;MO_SD_S;QN_6;MO_RR;MX_RS;eor
183;19470101;19470131;5;-999;-3,12;-1,37;-4,98;-999;6,1;-999;-12,5;-999;5;15;-999;eor
183;19470201;19470228;5;-999;-5,95;-4,26;-7,92;-999;-2;-999;-16,2;-999;5;10;-999;eor
183;19470301;19470331;5;-999;-1,65;0,87;-4,43;-999;11;-999;-16,9;-999;5;58;-999;eor
183;19470401;19470430;5;-999;5,2;8,83;2,14;-999;18,4;-999;-2,7;-999;5;39;-999;eor
183;19470501;19470531;5;-999;9,43;12,07;6,85;-999;22,2;-999;1;-999;5;18;-999;eor
183;19470601;19470630;5;-999;15,28;18,52;12,29;-999;28;-999;8,2;-999;5;18;-999;eor
183;19470701;19470731;5;-999;17,06;19,91;14,88;-999;24,8;-999;11;-999;5;77;-999;eor
183;19470801;19470831;5;-999;18,22;20,53;16,2;-999;25,1;-999;12,7;-999;5;26;-999;eor
183;19470901;19470930;5;-999;16,61;19,6;14,03;-999;28,9;-999;7,8;-999;5;35;-999;eor
183;19471001;19471031;5;-999;9,25;11,33;6,71;-999;16,1;-999;0,9;-999;5;50;-999;eor
183;19471101;19471130;5;-999;5,46;7,38;3,48;-999;12;-999;-0,6;-999;5;204;-999;eor
183;19471201;19471231;5;-999;2,99;4,59;1,39;-999;7,4;-999;-3,3;-999;5;75;-999;eor
183;19480101;19480131;5;-999;1,73;3,37;-0,21;-999;7,9;-999;-5,3;-999;5;75;-999;eor
183;19480201;19480229;5;-999;0,56;2,01;-0,94;-999;8,1;-999;-6,7;-999;5;32;-999;eor
183;19480301;19480331;5;-999;3,21;5,69;1,17;-999;13;-999;-4,2;-999;5;31;-999;eor
183;19480401;19480430;5;-999;6,74;9,83;4,39;-999;17,6;-999;0,9;-999;5;66;-999;eor
183;19480501;19480531;5;-999;9,85;12,49;7,66;-999;22,4;-999;5,6;-999;5;58;-999;eor
183;19480601;19480630;5;-999;14,58;17,75;11,83;-999;23,7;-999;8,1;-999;5;28;-999;eor
183;19480701;19480731;5;-999;16,39;19,01;13,92;-999;24,2;-999;9,5;-999;5;69;-999;eor
183;19480801;19480831;5;-999;16,9;19,56;14,3;-999;28;-999;10,2;-999;5;125;-999;eor
183;19480901;19480930;5;-999;14,51;17,05;12,48;-999;21,8;-999;7,4;-999;5;21;-999;eor
183;19481001;19481031;5;-999;9,54;11,32;7,67;-999;14,7;-999;4,1;-999;5;46;-999;eor
183;19481101;19481130;5;-999;5,37;6,85;3,38;-999;11,4;-999;-0,6;-999;5;22;-999;eor
183;19481201;19481231;5;-999;3;4,63;0,96;-999;9,1;-999;-3,4;-999;5;11;-999;eor
183;19490101;19490131;5;-999;1,69;3,33;-0,03;-999;6,4;-999;-4,8;-999;5;23;-999;eor
183;19490201;19490228;5;-999;2,44;4,29;0,59;-999;11,1;-999;-4,3;-999;5;34;-999;eor
183;19490301;19490331;5;-999;1,6;3,58;-0,28;-999;11,2;-999;-4,5;-999;5;20;-999;eor
183;19490401;19490430;5;-999;7,2;10,51;4,51;-999;18,3;-999;-0,1;-999;5;54;-999;eor
183;19490501;19490531;5;-999;10,44;13,42;8,24;-999;21,5;-999;3,7;-999;5;48;-999;eor
183;19490601;19490630;5;-999;13,08;15,53;10,89;-999;21,6;-999;8,6;-999;5;37;-999;eor
183;19490701;19490731;5;-999;16,89;19,37;14,67;-999;21,7;-999;12,7;-999;5;76;-999;eor
183;19490801;19490831;5;-999;15,68;18,6;13,22;-999;25;-999;10,6;-999;5;33;-999;eor
183;19490901;19490930;5;-999;16,35;18,64;14,28;-999;21,8;-999;10,1;-999;5;49;-999;eor
183;19491001;19491031;5;-999;11,9;14,18;9,69;-999;19,3;-999;3,6;-999;5;9;-999;eor
183;19491101;19491130;5;-999;5,6;7,08;3,86;-999;8,8;-999;-0,8;-999;5;79;-999;eor
183;19491201;19491231;5;-999;3,63;5,52;1,79;-999;9,9;-999;-1,5;-999;5;111;-999;eor
183;19500101;19500131;5;-999;-0,53;1,32;-2,59;-999;5,5;-999;-8,4;-999;5;43;-999;eor
183;19500201;19500228;5;-999;1,49;3,13;-0,11;-999;9,4;-999;-7,8;-999;5;59;-999;eor
183;19500301;19500331;5;-999;3,46;6;1,34;-999;12,9;-999;-4;-999;5;23;-999;eor
183;19500401;19500430;5;-999;5,7;8,45;3,64;-999;13,8;-999;0,1;-999;5;38;-999;eor
183;19500501;19500531;5;-999;10,61;13,71;8,45;-999;20,7;-999;6;-999;5;22;-999;eor
183;19500601;19500630;5;-999;15,3;18,56;12,33;-999;26,8;-999;8,3;-999;5;39;-999;eor
183;19500701;19500731;5;-999;16,07;18,62;13,82;-999;25,2;-999;11,3;-999;5;145;-999;eor
183;19500801;19500831;5;-999;17,46;19,98;15,23;-999;23;-999;11,4;-999;5;47;-999;eor
183;19500901;19500930;5;-999;13,55;15,87;11,25;-999;20,8;-999;7,8;-999;5;98;-999;eor
183;19501001;19501031;5;-999;9,29;11,11;7,58;-999;16,6;-999;1,2;-999;5;61;-999;eor
183;19501101;19501130;5;-999;5,1;6,68;2,97;-999;12,5;-999;-2,5;-999;5;94;-999;eor
183;19501201;19501231;5;-999;0,93;2,49;-0,61;-999;7,1;-999;-7,4;-999;5;54;-999;eor
183;19510101;19510131;5;6,99;0,34;1,92;-1,28;4,04;6,7;-999;-6,8;32,2;5;65,5;9,7;eor
183;19510201;19510228;5;7;0,55;1,99;-0,63;3,82;6,1;-999;-5,9;57,9;5;32,2;7,5;eor
183;19510301;19510331;5;6,48;0,62;2,45;-1,03;4,36;7,8;-999;-4,6;38,9;5;82,4;23,5;eor
183;19510401;19510430;5;4,45;6,16;9,56;3,18;3,44;19,4;-999;0;-999;5;43,1;14,5;eor
183;19510501;19510531;5;4,22;8,34;10,6;6,08;3,95;16,4;-999;3;-999;5;26,7;16,5;eor
183;19510601;19510630;5;4,77;13,72;16,27;11,19;2,64;20,7;-999;6,4;82,6;5;71,4;26,5;eor
183;19510701;19510731;5;5,48;16,09;18,88;13,38;3,53;24,7;-999;9,9;275;5;39;7,3;eor
183;19510801;19510831;5;5,61;16,92;19,95;14,35;2,77;27,1;-999;11;202,8;5;54,7;12,4;eor
183;19510901;19510930;5;4,92;14,94;17,32;12,51;3,39;22,4;-999;8,3;178,1;5;72,9;18;eor
183;19511001;19511031;5;3,18;10,03;12,08;7,56;2,97;15,7;-999;2;223,9;5;2,2;1;eor
183;19511101;19511130;5;7,04;7,16;8,72;5,2;4,78;11,2;-999;1,8;40,8;5;71,8;13,5;eor
183;19511201;19511231;5;6,24;4,45;6,09;2,31;5,13;8,9;-999;-1,1;59,5;5;30,1;5,1;eor
183;19520101;19520131;5;6,82;1,26;2,79;-0,89;4,81;6,4;-999;-5,2;35,1;5;36;5,1;eor
183;19520201;19520229;5;7,01;1,14;2,51;-0,98;4,17;5,9;-999;-7,3;58,3;5;12;2,5;eor
183;19520301;19520331;5;4,98;0,47;2,28;-1,52;4,62;7,2;-999;-4,3;189,1;5;19,6;5,7;eor
183;19520401;19520430;5;4,91;7,24;10,74;4,09;2,97;19,5;-999;-2,3;231,6;5;21,9;6,6;eor
183;19520501;19520531;5;5,23;9,54;12,62;6,98;3,67;17,2;-999;3,8;243,1;5;44,9;12,2;eor
183;19520601;19520630;5;5,88;12,77;15,78;9,77;3,4;23;-999;6,7;245,6;5;108,7;20,2;eor
183;19520701;19520731;5;4,61;15,52;18,82;12,59;3,21;24,6;-999;9,9;277;5;35,4;12,8;eor
183;19520801;19520831;5;5,62;16,37;19,42;13,71;3,65;28,3;-999;11,2;216,2;5;107,7;33,6;eor
183;19520901;19520930;5;5,47;11,58;14,28;9,15;4,04;18,8;-999;6,2;206,7;5;82,7;23,5;eor
183;19521001;19521031;5;6,71;7,79;9,97;6,03;4,25;14,1;-999;3,3;72,1;5;138,6;31,1;eor
183;19521101;19521130;5;7,21;3,39;5,18;1,32;3,7;9,1;-999;-3,6;25,6;5;49,6;11,6;eor
183;19521201;19521231;5;7,07;0,73;2,19;-1,34;3,52;4,5;-999;-6,9;38,1;5;54,7;13,7;eor
183;19530101;19530131;5;6,89;0,98;2,37;-1,03;4,43;5,8;-999;-4,7;28,2;5;53,6;13,3;eor
183;19530201;19530228;5;6,48;-0,02;1,59;-2,2;4,61;9,4;-999;-13,3;57,9;5;29;11,9;eor
183;19530301;19530331;5;4,3;3,32;5,87;0,81;4,05;16,3;-999;-2;192,7;5;24,2;9,4;eor
183;19530401;19530430;5;4,39;6,77;10,09;3,71;3;18,8;-999;0,1;263,6;5;23,9;9,3;eor
183;19530501;19530531;5;5,48;10,76;13,86;7,75;3,2;23,5;-999;1,1;257,2;5;39,7;11,8;eor
183;19530601;19530630;5;4,64;15,1;17,54;12,43;3,15;24,1;-999;6,1;303;5;65,1;34,1;eor
183;19530701;19530731;5;5,21;17,52;21,08;14,03;3,3;27,9;-999;10,8;280,1;5;47,6;11,1;eor
183;19530801;19530831;5;4,86;16,41;19,35;13,31;3,85;24,6;-999;10;275,2;5;51,3;10;eor
183;19530901;19530930;5;4,65;13,45;15,94;10,74;3,88;24,8;-999;8,3;196,9;5;26,5;5,1;eor
183;19531001;19531031;5;5,25;11,36;13,27;9,37;3,43;18,8;-999;5,3;122,5;5;14,6;6,3;eor
183;19531101;19531130;5;6,14;5,97;7,69;3,8;4,46;10,6;-999;-4,7;56,7;5;26,9;7,9;eor
183;19531201;19531231;5;6,28;2,8;4,22;1,07;3,63;12,1;-999;-4,3;40,5;5;23,1;7,8;eor
183;19540101;19540131;5;6,1;-0,36;1,71;-3,17;5,19;6,2;-999;-14;45,1;5;49,3;12,6;eor
183;19540201;19540228;5;5,59;-3,67;-1,64;-6,47;3,73;4;-999;-18,9;76,8;5;5,9;1,6;eor
183;19540301;19540331;5;6,22;1,19;3,27;-0,71;3,39;11,8;-999;-3,1;78,7;5;13,5;7;eor
183;19540401;19540430;5;4,27;3,83;6,7;1,25;3,49;10,4;-999;-1,5;219,1;5;17,7;6,2;eor
183;19540501;19540531;5;4,23;9,66;12,35;7,11;2,97;19,2;-999;3,9;306,1;5;13,8;8,7;eor
183;19540601;19540630;5;4,51;14,73;17,98;11,82;3,36;24,4;-999;8,6;276,2;5;60,2;15,2;eor
183;19540701;19540731;5;6,27;14,45;17,04;12,08;3,82;20,4;-999;8;161;5;109,4;18,3;eor
183;19540801;19540831;5;5,6;15,08;17,57;12,74;3,55;21,8;-999;10,1;193,8;5;131,6;46,9;eor
183;19540901;19540930;5;5,23;13,15;16,19;10,78;4,13;24,9;-999;3,4;162,3;5;41,4;11;eor
183;19541001;19541031;5;6,08;9,83;11,69;7,75;4,31;14,9;-999;3,9;80,3;5;69;20,3;eor
183;19541101;19541130;5;6,24;4,38;6,13;2,38;4,69;11,1;-999;-2,9;62,8;5;54,9;12,6;eor
183;19541201;19541231;5;6,59;3,68;5,22;1,85;4,96;10,5;-999;-0,7;31;5;86,2;13,7;eor
183;19550101;19550131;5;6,29;-0,59;0,88;-2,52;4,24;4,3;-999;-8,4;44;5;32,2;21;eor
183;19550201;19550228;5;6,33;-1,38;0,07;-3,3;3,53;3,8;-999;-9,6;75,9;5;13,7;6,7;eor
183;19550301;19550331;5;5,82;-0,47;1,6;-2,64;4,02;11,1;-999;-7,1;129,8;5;34,7;12,7;eor
183;19550401;19550430;5;5,59;4,03;6,65;1,68;3,56;21,6;-999;-2,1;165,3;5;42;13,9;eor
183;19550501;19550531;5;5,05;8,38;12,05;5,36;4,22;19,9;-999;3,4;231,1;5;31,2;8,4;eor
183;19550601;19550630;5;4,67;11,84;14,55;9,19;3,06;20,1;-999;3,3;248,3;5;90;28,4;eor
183;19550701;19550731;5;4,03;16,4;18,92;14,12;3,46;24,1;-999;10,5;299,3;5;115,9;56,4;eor
183;19550801;19550831;5;4,25;18,38;20,83;16,36;2,89;24,1;-999;10,5;251;5;24,1;8,4;eor
183;19550901;19550930;5;4,95;15,37;17,84;12,87;3,74;22,9;-999;8;174;5;149,2;83;eor
183;19551001;19551031;5;5,94;9,5;11,54;7,27;4,27;16,7;-999;1,9;98,1;5;82,6;15,7;eor
183;19551101;19551130;5;5,52;5,38;7,22;3,16;4,11;11,6;-999;-2,7;80,1;5;12,4;5,1;eor
183;19551201;19551231;5;6,28;2,49;4,12;0,36;5,05;9,5;-999;-5,8;43,4;5;59,2;15,6;eor
183;19560101;19560131;5;6,65;0,48;2,18;-1,36;4,82;5,3;-999;-14,8;32,8;5;66;7,8;eor
183;19560201;19560229;5;6,46;-5,01;-2,96;-8,22;4,28;2,2;-999;-17,2;43,2;5;41,1;17,3;eor
183;19560301;19560331;5;4,13;0,13;1,66;-1,4;4,53;6,4;-999;-5,4;167,3;5;14,7;7,5;eor
183;19560401;19560430;5;6,23;2,52;4,5;0,85;4,03;9,5;-999;-2,3;116,9;5;49,3;10,1;eor
183;19560501;19560531;5;3,97;9,86;13,15;6,78;3,46;22,2;-999;1,9;267,8;5;18,4;7,8;eor
183;19560601;19560630;5;5,7;12,88;15,55;10,49;3,43;19,3;-999;7,5;195,8;5;57,2;20,1;eor
183;19560701;19560731;5;3,86;15,72;18,43;13,27;3,7;22,4;-999;8,9;326,4;5;33,1;25,9;eor
183;19560801;19560831;5;4,88;13,83;16,59;11,62;3,47;20,3;-999;8;215,2;5;94;13,9;eor
183;19560901;19560930;5;3,63;13,52;15,69;11,51;3,6;17,6;-999;8,3;220,1;5;36,5;8,6;eor
183;19561001;19561031;5;5,88;9,32;11,08;7,31;4,52;16,1;-999;-0,2;102,3;5;57,1;9;eor
183;19561101;19561130;5;6,03;3,62;5,36;1,55;4,19;8,5;-999;-3,1;54;5;35,3;9,4;eor
183;19561201;19561231;5;6,45;3,04;4,33;1,38;4,98;10;-999;-5,7;44,2;5;56,8;12,9;eor
183;19570101;19570131;5;6,31;1,62;2,81;0,16;4,58;8,3;-999;-4,8;44,6;5;33,2;13,4;eor
183;19570201;19570228;5;6,21;2,73;4,54;0,81;3,61;11;-999;-1,6;54,2;5;37,1;7,3;eor
183;19570301;19570331;5;4,92;2,96;5,64;0,58;4,06;14,9;-999;-3,6;141,7;5;39,3;10,2;eor
183;19570401;19570430;5;4,69;4,65;6,97;2,45;3,12;19,1;-999;-2,4;172,5;5;22,7;5,1;eor
183;19570501;19570531;5;4,29;8,53;11,65;5,93;3,45;19,3;-999;0,9;268,9;5;16,2;6,5;eor
183;19570601;19570630;5;3,68;14,42;17,96;11,46;3,26;27,6;-999;8,3;300,6;5;66,1;45,8;eor
183;19570701;19570731;5;4,9;17,14;20,03;14,78;3,05;23,6;-999;11;228,9;5;86,7;18,7;eor
183;19570801;19570831;5;4,85;15,79;18,78;13,17;3,5;23,9;-999;8,8;198,9;5;89,2;18,7;eor
183;19570901;19570930;5;5,31;11,51;13,97;9,44;4,07;19,4;-999;5,9;140,7;5;74,2;22,5;eor
183;19571001;19571031;5;6,15;9,74;11,71;7,82;3,78;14,6;-999;3,8;102,6;5;38,4;6,5;eor
183;19571101;19571130;5;6,37;5,61;7,23;4,11;4,25;12,9;-999;-2,1;44,2;5;29,5;12,4;eor
183;19571201;19571231;5;6,21;1,98;3,73;-0,06;4,69;8,1;-999;-9;26,1;5;19,5;8,2;eor
183;19580101;19580131;5;5,79;0;1,68;-1,78;4,1;4,9;-999;-6,4;66,1;5;31;10,2;eor
183;19580201;19580228;5;5,66;0;2,54;-1,96;4,75;10,3;-999;-8,1;92,7;5;78,3;18,9;eor
183;19580301;19580331;5;6,26;-0,8;0,75;-2,32;4,6;4,3;-999;-8,9;84;5;19,2;5;eor
183;19580401;19580430;5;5,11;3,07;5,84;1,1;3,32;12,6;-999;-2,7;153,7;5;46,4;17,4;eor
183;19580501;19580531;5;5,37;9,41;12,98;6,83;3,6;22,4;-999;3,4;226,8;5;90;13,6;eor
183;19580601;19580630;5;4,96;12,55;15,62;10,24;2,91;20,4;-999;6,7;250,1;5;31,4;7,5;eor
183;19580701;19580731;5;4,73;15,95;19,26;13,61;3,87;25,6;-999;10,2;264,6;5;55,5;11,2;eor
183;19580801;19580831;5;5,11;15,28;17,93;13,18;3,32;21,4;-999;10,8;183,7;5;105,9;32,4;eor
183;19580901;19580930;5;4,18;14,62;17,35;12,31;3,23;24,4;-999;7,1;200,9;5;56,3;18,6;eor
183;19581001;19581031;5;5,79;10,53;12,7;8,43;3,58;17,1;-999;4,4;96,5;5;41,4;7,9;eor
183;19581101;19581130;5;7,11;5,75;7,56;3,77;2,8;9,8;-999;0,1;26,3;5;27,9;19;eor
183;19581201;19581231;5;6,21;3,04;4,72;1,09;3,97;7,5;-999;-2,7;50;5;29;4,3;eor
183;19590101;19590131;5;5,97;0,92;2,55;-0,91;4,8;8,9;-999;-5,3;52;5;50,5;9;eor
183;19590201;19590228;5;6,48;0,25;1,99;-1,56;3,44;13;-999;-6,3;48,3;5;6,4;1,8;eor
183;19590301;19590331;5;4,67;3,91;6,53;2,03;3,19;13,1;-999;-0,7;135;5;9,7;6,6;eor
183;19590401;19590430;5;4,67;6,75;9,9;4,17;3,47;15,6;-999;0,9;197;5;66,7;28,9;eor
183;19590501;19590531;5;3,55;9,89;13,12;7,14;3,15;17,1;-999;3,5;334,5;5;20,1;10,2;eor
183;19590601;19590630;5;3,55;14,66;17,86;11,81;3,41;23,3;-999;9,4;358,2;5;22,2;10,8;eor
183;19590701;19590731;5;5,17;17,94;20,78;15,49;2,66;27,9;-999;12,4;257,3;5;100,6;22,8;eor
183;19590801;19590831;5;4,08;18,41;20,84;16,25;3,37;24,1;-999;10,7;262,6;5;86,4;73,5;eor
183;19590901;19590930;5;3,37;14,98;17,63;12,24;3,07;21,1;-999;6,3;257;5;7,1;2,2;eor
183;19591001;19591031;5;4,41;10,72;13,37;8;3,47;19,8;-999;4,3;159,4;5;50,3;16,2;eor
183;19591101;19591130;5;6,44;4,98;6,75;3,2;3,45;10,1;-999;-1,7;30,6;5;12,5;3;eor
183;19591201;19591231;5;7,48;2,11;3,69;0,66;3,93;7,1;-999;-5,6;3,8;5;46,4;7,3;eor
183;19600101;19600131;5;6,98;0,45;2,41;-1,41;3,91;8;-999;-9,4;41;5;64;20,7;eor
183;19600201;19600229;5;5,82;-1,07;0,58;-2,78;4,15;6;-999;-10,8;65,4;5;43,7;9,9;eor
183;19600301;19600331;5;4,72;1,18;2,97;-0,08;4,07;8,2;-999;-6,2;135,4;5;17;4,6;eor
183;19600401;19600430;5;3,93;4,63;7;2,8;3,41;11,3;-999;-0,4;212,5;5;18,8;8,6;eor
183;19600501;19600531;5;4,81;9,16;12,26;6,79;3;19,9;-999;1,6;260,8;5;35,2;18;eor
183;19600601;19600630;5;4,34;14,76;18,13;12,08;3,03;25;-999;8,2;300,8;5;23,5;4,6;eor
183;19600701;19600731;5;5,46;15,34;18,18;12,79;3,21;22,1;-999;9,4;226,8;5;117,4;21,7;eor
183;19600801;19600831;5;5,41;15,9;18,56;14,05;3,11;22;-999;10,5;197,6;5;212,1;61,2;eor
183;19600901;19600930;5;3,82;13,72;15,88;11,66;3,46;18,3;-999;6,6;215,6;5;36,2;10,5;eor
183;19601001;19601031;5;6,42;9,43;11,09;7,99;3,92;17,6;-999;3,3;67,3;5;95,4;23,2;eor
183;19601101;19601130;5;6,63;6,08;7,9;4,38;3,79;12,6;-999;-0,6;39,7;5;84;13,2;eor
183;19601201;19601231;5;7,29;3,17;4,75;1,32;3,62;10,8;-999;-1,6;19,4;5;83,2;18,9;eor
183;19610101;19610131;5;5,57;0,31;1,95;-1,76;3,76;5,9;-999;-11;67,1;5;15,1;3,5;eor
183;19610201;19610228;5;6,45;2,76;4,88;0,7;3,32;9,6;-999;-2,9;44,1;5;46,1;15,9;eor
183;19610301;19610331;5;5,61;5,07;7,5;2,55;4,85;14,1;-999;-2,3;130,7;5;23,4;10,3;eor
183;19610401;19610430;5;4,03;7,18;10,03;4,67;3,31;19;-999;-0,4;261;5;13,5;9,2;eor
183;19610501;19610531;5;5,54;9,99;12,34;7,85;3,54;16,4;-999;5,3;209,6;5;48,9;24,5;eor
183;19610601;19610630;5;4,3;15,16;18,1;12,43;3,5;23,5;-999;8,7;280,3;5;71,5;49,3;eor
183;19610701;19610731;5;6,05;15,12;17,76;12,81;3,81;28,4;-999;9,5;199,7;5;92,8;24,5;eor
183;19610801;19610831;5;5,23;15,15;17,68;12,76;3,4;21,9;-999;10,9;202,1;5;61,1;13,2;eor
183;19610901;19610930;5;3,47;15,18;17,54;13,04;3,4;24,4;-999;7,6;207,6;5;33,3;8,4;eor
183;19611001;19611031;5;4,33;11,4;13,25;9,37;4,35;18,4;-999;4,8;132;5;24,5;5,4;eor
183;19611101;19611130;5;6,01;5,54;7,13;3,64;4,51;11,8;-999;-3,5;72;5;24,1;10,1;eor
183;19611201;19611231;5;5,5;0,35;2,58;-2,35;4,82;10,6;-999;-13,7;51,6;5;28;6,4;eor
183;19620101;19620131;5;6,19;1,87;3,49;0,18;4,99;7,4;-999;-8,5;43,1;5;26,4;5,2;eor
183;19620201;19620228;5;6,04;0,84;2,35;-1,05;5,8;6,1;-999;-8,1;84;5;22,6;4,6;eor
183;19620301;19620331;5;5,55;-0,01;1,88;-1,9;3,49;8,2;-999;-5,3;122,2;5;39,3;11,4;eor
183;19620401;19620430;5;5,23;5,03;7,68;2,91;4,35;12,3;-999;0,6;166,2;5;29,5;6,8;eor
183;19620501;19620531;5;5,88;8,42;11,32;6,14;3,56;14,6;-999;3,3;200;5;47;16,4;eor
183;19620601;19620630;5;4,61;13,16;16,05;9,95;3,54;23,4;-999;3,8;316,8;5;73,2;22,3;eor
183;19620701;19620731;5;4,81;14,19;16,84;11,55;3,12;21,6;-999;7,8;253,2;5;73,5;19,2;eor
183;19620801;19620831;5;5,18;14,6;17,17;12,14;4,12;22;-999;9,7;198,9;5;44,8;17,7;eor
183;19620901;19620930;5;4,62;12,33;14,79;9,82;3,97;20,4;-999;5,7;180;5;32,7;9,7;eor
183;19621001;19621031;5;5,27;9,8;11,95;7,61;3,36;19;-999;2,5;112,1;5;14,4;5,7;eor
183;19621101;19621130;5;5,94;4,84;6,33;3,3;4,3;10,2;-999;-2,6;47;5;27,5;16,3;eor
183;19621201;19621231;5;5,84;-0,4;1,33;-2,39;3,95;5,8;-999;-8,8;41,3;5;36,9;6,2;eor
183;19630101;19630131;5;5,68;-3,83;-1,91;-5,82;4,09;1,5;-999;-13,6;75,5;5;19,6;4,7;eor
183;19630201;19630228;5;6,86;-4,01;-2,02;-6,33;3,6;2,2;-999;-16,6;37,1;5;27,9;7,9;eor
183;19630301;19630331;5;6,43;-0,47;1,79;-2,21;4,26;5,7;-999;-9;88,2;5;23,1;8,1;eor
183;19630401;19630430;5;5,53;3,77;7,11;1,64;3,36;15;-999;-1,3;128,3;5;51,3;11,3;eor
183;19630501;19630531;5;3,49;9,49;13,15;6,86;3,02;18;-999;2,1;329,3;5;12;4,2;eor
183;19630601;19630630;5;3,94;14,61;17,69;11,57;3,12;20,6;-999;8,6;329;5;51,8;28,7;eor
183;19630701;19630731;5;4,66;17,12;20,17;14,19;2,73;26,1;-999;10,9;302,8;5;46,3;16,4;eor
183;19630801;19630831;5;5,15;16,22;19,21;13,47;3,19;25,7;-999;10,1;205,1;5;127,6;17,3;eor
183;19630901;19630930;5;4,65;13,82;16,42;11,02;3,22;21,2;-999;6,7;152,2;5;30,1;8,8;eor
183;19631001;19631031;5;4,74;9,2;11,31;7,2;3,55;14,1;-999;3,4;112,7;5;34,2;9,4;eor
183;19631101;19631130;5;6,37;7,26;8,93;5,38;4,34;12,1;-999;2,1;42,5;5;98,2;11,9;eor
183;19631201;19631231;5;5,66;0,6;2,4;-1,86;3,81;5,9;-999;-10,9;68,6;5;12,6;2,9;eor
183;19640101;19640131;5;6,14;0,4;1,74;-1,17;3,78;4,6;-999;-6,8;48,6;5;6,6;1,6;eor
183;19640201;19640229;5;5,1;-0,29;1,26;-2,04;4,43;6,2;-999;-7,2;118,8;5;24,1;8;eor
183;19640301;19640331;5;6,28;-0,75;0,46;-2,07;4,33;2,4;-999;-7,5;77,5;5;12,9;5;eor
183;19640401;19640430;5;5,19;6,26;9,34;3,43;3,69;18,3;-999;-1,2;168,4;5;24,3;6,8;eor
183;19640501;19640531;5;4,48;10,92;14,23;8,14;3,4;25,1;-999;4;275;5;38,9;7,4;eor
183;19640601;19640630;5;3,91;14,96;18,33;11,94;3,1;26,3;-999;9,6;286,8;5;30,6;9,6;eor
183;19640701;19640731;5;4,61;16,21;19,46;13,37;3,12;24,1;-999;8,8;252,5;5;27,1;10,6;eor
183;19640801;19640831;5;4,99;15,6;18,64;13,06;3,63;30,1;-999;7,8;220,7;5;57,9;17,4;eor
183;19640901;19640930;5;3,85;13,59;16,78;11,15;3,57;24,4;-999;6,3;200,4;5;72,7;23,1;eor
183;19641001;19641031;5;5,18;8,79;10,91;6,75;3,3;16,9;-999;1,6;110,6;5;35,7;15,7;eor
183;19641101;19641130;5;5,85;5,82;7,43;3,76;3,98;10;-999;-2,3;57,8;5;22;7,4;eor
183;19641201;19641231;5;6,5;2,5;4,09;0,32;3,77;10;-999;-6,5;30;5;45,4;4,9;eor
183;19650101;19650131;5;6,23;1,64;2,9;-0,11;4,05;6,3;-999;-4,8;27,5;5;33,2;7,3;eor
183;19650201;19650228;5;5,69;-0,27;1,21;-2,1;4,38;4,2;-999;-9,4;75,7;5;20,3;4;eor
183;19650301;19650331;5;4,95;1,5;3,77;-0,71;3,61;11,2;-999;-7;139,1;5;15,3;3,1;eor
183;19650401;19650430;5;5,89;4,63;7,05;2,64;3,7;11,6;-999;-0,6;117,1;5;51,1;12,4;eor
183;19650501;19650531;5;4,85;7,93;10,64;5,82;3,69;16;-999;3,4;239,6;5;57,7;22;eor
183;19650601;19650630;5;4,38;13,95;17,11;11,43;3,69;24,3;-999;7,4;284,5;5;41,8;23,2;eor
183;19650701;19650731;5;5,39;13,49;16,22;11,54;3,89;20,4;-999;8,5;206,4;5;93,1;19;eor
183;19650801;19650831;5;4,17;14,76;17,87;12,15;2,9;21,6;-999;8,5;242,1;5;22;4,9;eor
183;19650901;19650930;5;4,59;13,93;16,86;11,65;4,07;21,5;-999;7,8;172,1;5;102,5;45,6;eor
183;19651001;19651031;5;4,55;10,33;12,81;8,07;3,66;16,2;-999;3,2;152,1;5;10,4;4;eor
183;19651101;19651130;5;6,25;2,75;4,61;0,94;5,09;12;-999;-8,7;37,8;5;126;26,2;eor
183;19651201;19651231;5;6,87;1,59;3,29;0,03;4,74;9,3;-999;-3;19,9;5;79;14,1;eor
183;19660101;19660131;5;7,17;-1,15;0,43;-2,75;4,91;6;-999;-6,4;19,7;5;52,3;14,1;eor
183;19660201;19660228;5;6,35;-0,42;1,76;-2,43;4,73;9,7;-999;-10,5;43,6;5;49,8;8,8;eor
183;19660301;19660331;5;5,88;2,09;4,53;0,22;5,12;7,7;-999;-5,1;107,4;5;26,3;5,5;eor
183;19660401;19660430;5;6,43;2,86;5,36;1,1;4,49;14,4;-999;-2,3;87,4;5;93,3;23,5;eor
183;19660501;19660531;5;4,37;10,25;13,53;7,36;3,85;23,2;-999;3,9;305,9;5;33,6;18,5;eor
183;19660601;19660630;5;4,91;14,84;18,19;12,28;3,66;27,2;-999;8,2;271,8;5;23,5;10,9;eor
183;19660701;19660731;5;4,73;15,95;18,71;13,5;3,85;22,8;-999;9,8;288,7;5;100,7;27,9;eor
183;19660801;19660831;5;4,81;15,82;18,52;13,17;4,13;24,5;-999;9,4;227,3;5;79,2;32,6;eor
183;19660901;19660930;5;5,07;13,38;15,65;10,88;4,57;19,4;-999;6,6;172,1;5;12,4;4,3;eor
183;19661001;19661031;5;5,34;10,65;12,95;8,87;4,04;25;-999;-0,1;91,5;5;21,5;6;eor
183;19661101;19661130;5;6,27;4,04;5,77;1,98;4,15;11;-999;-3;37,1;5;38,9;7;eor
183;19661201;19661231;5;6,37;2,1;3,59;0,14;4,62;8,5;-999;-3,9;33,1;5;61;8,9;eor
183;19670101;19670131;5;6,72;0,36;2,11;-1,53;4,33;5,1;-999;-5,2;19,8;5;49,9;8,4;eor
183;19670201;19670228;5;5,56;2,14;3,97;0,35;4,15;8,5;-999;-2,6;70;5;45,5;11;eor
183;19670301;19670331;5;4,84;4,94;7,49;2,35;4,3;13,7;-999;0;142,2;5;37,9;4,5;eor
183;19670401;19670430;5;4,31;5,3;8,03;2,92;3,55;13,9;-999;0,3;223,1;5;38,5;9,7;eor
183;19670501;19670531;5;4,72;10,28;13,17;7,77;2,98;19,7;-999;3,2;240,3;5;62,4;19;eor
183;19670601;19670630;5;-999;13,71;16,75;10,85;3,17;21,3;-999;7,3;297,1;5;26,2;6,9;eor
183;19670701;19670731;5;4,4;17,43;20,57;14,49;2,97;27;-999;10,3;292,5;5;22,3;9,3;eor
183;19670801;19670831;5;4,42;17,12;19,81;14,67;2,99;24,7;-999;11,7;224,3;5;74,4;25,1;eor
183;19670901;19670930;5;5,21;14,94;17,14;12,79;3,47;20,7;-999;9,5;138,9;5;48,9;12,6;eor
183;19671001;19671031;5;5,23;10,92;13,61;8,39;4,11;18,7;-999;3,2;98,4;5;64,2;13,6;eor
183;19671101;19671130;5;5,6;5,47;7,4;3,58;3,65;11,5;-999;-1,5;76;5;42,6;13;eor
183;19671201;19671231;5;6,1;1,9;3,65;-0,23;4,06;8,4;-999;-5,4;43,1;5;62,8;9,8;eor
183;19680101;19680131;5;6,4;-0,29;1,44;-2,44;4,25;6,4;-999;-10,3;37,5;5;50,6;8,1;eor
183;19680201;19680229;5;5,98;0,18;1,6;-1,11;3,51;6,5;-999;-5,4;70,3;5;30,7;6,8;eor
183;19680301;19680331;5;-999;3,64;6,49;1,36;4;18,4;-999;-5,1;143,7;5;35,8;6,6;eor
183;19680401;19680430;5;-999;6,34;9,95;3,79;3,27;17,3;-999;-0,4;266,8;5;19,1;7,6;eor
183;19680501;19680531;5;4,92;9,15;12,01;6,77;3,34;18,4;-999;3,2;217,4;5;44,7;26,1;eor
183;19680601;19680630;5;3,9;15,04;17,94;12,49;3,26;24,4;-999;9,3;325,2;5;76,6;19,8;eor
183;19680701;19680731;5;-999;15,57;18,08;13,15;2,85;22,6;-999;9,8;278;5;51,3;22;eor
183;19680801;19680831;5;3,72;16,96;19,6;14,58;3,32;23,3;-999;9,8;276,5;5;65,2;20;eor
183;19680901;19680930;5;4,88;14,95;17,35;12,97;3,01;22,1;-999;7,6;149,1;5;86;15,2;eor
183;19681001;19681031;5;5,61;10,38;12,4;8,31;3,68;16,4;-999;3,1;99,6;5;62,8;8,8;eor
183;19681101;19681130;5;6,81;6,31;7,82;4,8;3,99;17,8;-999;-0,5;31,9;5;52,8;14,6;eor
183;19681201;19681231;5;5,86;-0,42;1,71;-2,33;2,9;6,4;-999;-10,1;43,2;5;17,7;4,9;eor
183;19690101;19690131;5;6,82;-1,22;0,46;-2,8;3,43;4,3;-999;-9,8;21,1;5;29,3;6,7;eor
183;19690201;19690228;5;6,16;-1,39;0,2;-2,71;3,93;5;-999;-5,5;52,4;5;22;4,5;eor
183;19690301;19690331;5;4,06;-0,32;1,81;-1,82;4,36;6,4;-999;-8,7;144,7;5;15,6;8,5;eor
183;19690401;19690430;5;-999;4,42;7,86;2,06;3,88;19,3;-999;-1,5;200,1;5;39,5;8,4;eor
183;19690501;19690531;5;5,57;8,8;11,56;6,54;3,96;22,6;-999;2,9;188,6;5;56,6;12,8;eor
183;19690601;19690630;5;-999;14,15;17,34;11,76;3,74;24,2;-999;7;328,8;5;20,5;7,9;eor
183;19690701;19690731;5;-999;16,92;20,4;14,34;3,95;24,8;-999;9,9;273,3;5;10,4;2,7;eor
183;19690801;19690831;5;-999;17,3;20,72;14,93;4;24,3;-999;10,2;286,2;5;103,1;32,1;eor
183;19690901;19690930;5;-999;14,89;17,46;12,79;4,31;23,6;-999;7,7;210,8;5;11,7;4,4;eor
183;19691001;19691031;5;4,95;10,65;12,99;8,66;4,46;18,8;-999;4,4;126,6;5;5,4;1,1;eor
183;19691101;19691130;5;5,2;5,6;7,67;3,45;4,91;12,7;-999;-1,9;59,9;5;76,4;18,6;eor
183;19691201;19691231;5;6,39;-2,79;-0,6;-5;3,32;3,4;-999;-10,2;29,5;5;33,6;7,4;eor
183;19700101;19700131;5;6,54;-2,43;-0,81;-4,03;3,67;1,5;-999;-8,8;34,4;5;20,9;10,2;eor
183;19700201;19700228;5;6,6;-3;-1,27;-5,06;3,53;2,1;-999;-12,7;60,5;5;34,7;7,9;eor
183;19700301;19700331;5;5,98;-0,1;1,66;-1,68;3,48;5,9;-999;-5,6;85,3;5;75;11,3;eor
183;19700401;19700430;5;6,03;3,45;5,77;1,41;3,83;12;-999;-2,8;107,6;5;87,5;17,7;eor
183;19700501;19700531;5;4,4;7,35;10,42;5,11;3,77;18,4;-999;1,4;233,3;5;34,3;9,8;eor
183;19700601;19700630;5;-999;14,56;17,84;11,59;3,18;24,9;-999;7,9;375,6;5;20,4;5,7;eor
183;19700701;19700731;5;4,73;15,67;19,08;12,86;3,65;25;-999;9,6;250,1;5;47,3;14,3;eor
183;19700801;19700831;5;-999;16,56;19,24;13,98;3,27;25;-999;10,6;293;5;23,5;12,7;eor
183;19700901;19700930;5;4,86;13,29;16,21;10,62;3,94;23,2;-999;5,4;176,6;5;34,6;8,8;eor
183;19701001;19701031;5;5,96;9,55;11,86;7,28;3,98;19,4;-999;2,4;86,4;5;66,5;16,8;eor
183;19701101;19701130;5;6,35;5,31;7,49;2,97;4,37;13,4;-999;-2,4;50;5;89,3;26,5;eor
183;19701201;19701231;5;6,13;3,16;4,46;1,42;4,61;7,1;-999;-5,9;36,4;5;38,1;11,7;eor
183;19710101;19710131;5;-999;0,11;1,96;-2,3;3,89;7,5;-999;-11,5;47;5;25,8;7;eor
183;19710201;19710228;5;6,16;1,66;3,38;-0,33;4,22;6,9;-999;-7,2;51,4;5;18,5;2,5;eor
183;19710301;19710331;5;5,96;0,46;2,81;-1,73;4,26;12,9;-999;-12,8;93,6;5;34,8;7,7;eor
183;19710401;19710430;5;4,61;5,01;7,8;2,77;3,77;17,3;-999;-0,1;198,5;5;11,4;3,9;eor
183;19710501;19710531;5;-999;10,32;13,52;7,5;3,46;26,4;-999;0,7;282,5;5;36,9;13,6;eor
183;19710601;19710630;5;5,3;12,61;15,47;10,26;3,58;22,6;-999;7,6;210;5;66,9;18,5;eor
183;19710701;19710731;5;3,64;16,64;19,61;14,07;3,51;24,5;-999;10,5;322,4;5;12,7;5,6;eor
183;19710801;19710831;5;4,01;17,33;20,85;14,99;3,81;27,5;-999;10,9;267,9;5;14,6;4,5;eor
183;19710901;19710930;5;4,91;13,08;15,65;11,09;3,79;21,6;-999;8,6;154,1;5;26;7,7;eor
183;19711001;19711031;5;5,05;10,23;12,5;8,11;4,58;19,2;-999;2,4;123,7;5;25,9;7,2;eor
183;19711101;19711130;5;5,83;5,02;6,74;2,99;4,98;11,6;-999;-3,4;51,8;5;26,5;5,1;eor
183;19711201;19711231;5;6,34;4,77;6,22;3,31;4,95;9,1;-999;-0,4;28,7;5;31,3;7;eor
183;19720101;19720131;5;6,45;-1,79;0,03;-3,45;4,48;3,6;-999;-13;31,2;5;14,4;4;eor
183;19720201;19720229;5;6,05;0,24;1,86;-1,12;3,34;5,9;-999;-12,8;37,6;5;5,8;1,6;eor
183;19720301;19720331;5;-999;2,63;5,24;0,86;4,33;13,9;-999;-3,8;140,7;5;36,5;10,4;eor
183;19720401;19720430;5;4,93;5,66;8,96;3,42;3,12;17,9;-999;-0,3;173,3;5;27,7;7;eor
183;19720501;19720531;5;5,6;8,73;11,54;7,05;3,91;18,7;-999;4,5;152,3;5;81,9;16,8;eor
183;19720601;19720630;5;4,55;13,2;16,49;10,94;3,33;20,2;-999;7,2;244,3;5;55,2;13;eor
183;19720701;19720731;5;-999;17,27;20,24;15,13;3,1;24,4;-999;9,2;250,5;5;52,9;15,2;eor
183;19720801;19720831;5;3,97;16,55;19,29;14,55;3,63;23,6;-999;12,6;269,6;5;56,8;19,5;eor
183;19720901;19720930;5;4,25;12,39;15,04;10,09;3,63;21,4;-999;6,3;194,6;5;54,3;29,2;eor
183;19721001;19721031;5;-999;8,89;11,44;6,41;3,75;16,7;-999;1,4;141,9;5;18,3;7,4;eor
183;19721101;19721130;5;6,19;5,89;7,46;3,81;5,08;11,3;-999;-0,7;32,2;5;55,3;13,6;eor
183;19721201;19721231;5;-999;2,9;4,87;0,97;4,26;9,8;-999;-5,2;68,7;5;15,7;5;eor
183;19730101;19730131;5;6,96;0,66;2,18;-1,12;3,44;4,9;-999;-7,6;19;5;18,7;5,2;eor
183;19730201;19730228;5;6,28;2,41;3,82;0,83;4,57;7,1;-999;-2,9;58,6;5;43,9;9;eor
183;19730301;19730331;5;4,54;4,56;7,1;2,6;3,89;16,3;-999;-1,5;152,2;5;13,7;3,9;eor
183;19730401;19730430;5;5,16;5,07;7,62;3,11;4,02;10,3;-999;0,1;194,3;5;33,8;7,8;eor
183;19730501;19730531;5;4,31;10,86;14,17;8,3;3,49;18,9;-999;4,9;262,2;5;22,8;6,2;eor
183;19730601;19730630;5;3,53;15,19;18,59;12,43;3,48;27,2;-999;8,6;322,2;5;69,1;44,2;eor
183;19730701;19730731;5;3,75;17,87;21,3;14,59;3,33;24,4;-999;9,2;313,2;5;29,1;11,8;eor
183;19730801;19730831;5;3,11;17,23;20,76;14,23;3,18;28,7;-999;10,6;306,2;5;46,7;23,2;eor
183;19730901;19730930;5;4,76;13,62;16,26;11,03;4,2;23,6;-999;5,4;145;5;66,7;29,6;eor
183;19731001;19731031;5;4,88;8,28;10,34;5,92;4,02;16,7;-999;0,4;127;5;45,8;6,9;eor
183;19731101;19731130;5;4,93;4,07;6,19;1,5;5,61;10,8;-999;-3,9;91;5;58,7;12,9;eor
183;19731201;19731231;5;5,86;1,18;2,79;-0,63;5,01;6,5;-999;-6,1;47,4;5;35,8;6,4;eor
183;19740101;19740131;5;6,57;2,3;4,13;0,66;4,42;9,8;-999;-3;31,8;5;43,2;10,7;eor
183;19740201;19740228;5;6,04;2,93;4,61;1,19;4,11;11;-999;-2,3;60,2;5;30,3;11,8;eor
183;19740301;19740331;5;3,69;3,09;5,18;1,44;4,82;8,5;-999;-1,2;181,2;5;24;13,3;eor
183;19740401;19740430;5;3,35;6,02;9,31;3,81;3,83;14,4;-999;0,5;261,5;5;3,3;2,3;eor
183;19740501;19740531;5;4,4;9,17;12,37;6,81;4,2;19,3;-999;2,5;265,6;5;12,5;5,5;eor
183;19740601;19740630;5;4,58;13,21;16,41;10,72;3,72;20,4;-999;7,3;275,1;5;39,6;11,9;eor
183;19740701;19740731;5;5,5;15,01;18,23;12,36;4,37;22,8;-999;8,8;211,3;5;75,9;25,6;eor
183;19740801;19740831;5;4,03;16,73;20,17;14,15;3,27;31,3;-999;10,3;235,5;5;37,1;12,1;eor
183;19740901;19740930;5;4,96;13,77;17,18;11,26;3,92;21,2;-999;5,4;150,4;5;75,5;23,5;eor
183;19741001;19741031;5;6,41;7,92;9,89;6,2;4,51;13,2;-999;3,5;65,3;5;119,7;20;eor
183;19741101;19741130;5;6,51;5,67;7,37;4,05;4,52;11,6;-999;0,4;31,2;5;45,1;8,6;eor
183;19741201;19741231;5;6,26;4,69;6,46;2,79;5,02;9,2;-999;-1,7;41,6;5;61,5;11,7;eor
183;19750101;19750131;5;5,65;4,61;6,15;2,95;5,05;8,4;-999;-2,7;55,2;5;28,3;3,6;eor
183;19750201;19750228;5;4,84;1,83;3,85;0,19;3,57;6,4;-999;-3,8;132;5;7,6;4,1;eor
183;19750301;19750331;5;5,08;2,98;4,84;1,42;4,41;9,4;-999;-1,2;123,4;5;57,7;10,8;eor
183;19750401;19750430;5;4,19;5,23;8,12;2,83;4,1;19,5;-999;-0,7;212,3;5;44,1;10,8;eor
183;19750501;19750531;5;4,25;9,48;12,25;7,43;4,22;19,4;-999;3,6;240,1;5;50,3;21,1;eor
183;19750601;19750630;5;3,64;12,96;16,02;10,6;3,8;22,3;-999;4,1;322,2;5;25,8;13,8;eor
183;19750701;19750731;5;4,12;17,59;20,72;15,12;3,53;24,4;-999;10,5;274,1;5;58,1;25,3;eor
183;19750801;19750831;5;2,58;19,23;22,44;16,58;3,28;28,6;-999;13;326,1;5;13,3;5,6;eor
183;19750901;19750930;5;3,81;15,74;19,17;13,13;3,78;24,7;-999;8,3;198,1;5;52,7;18,2;eor
183;19751001;19751031;5;6,29;9,63;11,41;7,89;4,45;18;-999;2,4;71,6;5;51,7;14,5;eor
183;19751101;19751130;5;5,01;4,16;5,97;2,5;4,5;10,5;-999;-4,1;80,6;5;23;9;eor
183;19751201;19751231;5;5,61;3,63;5,22;1,91;5,29;7,8;-999;-2,7;52,1;5;28,5;12,3;eor
183;19760101;19760131;5;5,13;0,9;3,04;-0,92;4,97;7,3;-999;-7;92;5;49,5;11;eor
183;19760201;19760229;5;4,92;0,28;1,93;-1,22;4,49;6,8;-999;-6;77,7;5;8,7;3,7;eor
183;19760301;19760331;5;4,56;0,39;2,31;-1,2;4,5;8,1;-999;-6,3;139;5;12,5;2,5;eor
183;19760401;19760430;5;4,08;4,59;8,04;2,16;4,05;17,2;-999;-0,1;225,1;5;19,5;6,6;eor
183;19760501;19760531;5;4,55;9,63;12,98;7,17;3,73;17,7;-999;4,3;251,6;5;43,2;11,9;eor
183;19760601;19760630;5;3,87;14,83;18,72;11,9;3,54;27,9;-999;7,8;304,5;5;12,7;6,8;eor
183;19760701;19760731;5;4,13;18,03;21,36;15,48;3,58;26,6;-999;12,3;281,6;5;24,9;11,7;eor
183;19760801;19760831;5;3,45;17,35;20,71;14,79;3,42;25,5;-999;11,4;298,6;5;9,1;6,2;eor
183;19760901;19760930;5;5,26;13,84;16,54;11,61;4,17;20,2;-999;7,7;134,3;5;44,5;19,3;eor
183;19761001;19761031;5;6,88;9,21;11,04;7,73;4,4;16,4;-999;2,3;27,5;5;90,8;35,4;eor
183;19761101;19761130;5;5,95;5,93;7,59;4;4,35;12;-999;0,1;54,2;5;32,8;8,1;eor
183;19761201;19761231;5;6,35;0,75;2,74;-0,94;5;9,2;-999;-7,4;38,4;5;25,2;4,1;eor
183;19770101;19770131;5;7,02;0,16;1,55;-1,16;3,92;6,9;-999;-3,9;12,8;5;45,1;9;eor
183;19770201;19770228;5;6,57;0,65;2,46;-0,84;4,16;7,3;-999;-4,2;48,1;5;38,5;9,9;eor
183;19770301;19770331;5;5,89;3,22;5,42;1,64;4,25;11;-999;-2,5;88;5;45,2;8,6;eor
183;19770401;19770430;5;5,56;4,53;7,49;2,27;4,63;14,5;-999;-2,6;150,3;5;43,9;10,1;eor
183;19770501;19770531;5;3,83;9,74;13,45;6,95;3,73;18,4;-999;4,6;327,3;5;21,5;8,6;eor
183;19770601;19770630;5;5,01;14,38;17,73;11,81;3,53;20,5;-999;4,4;232,3;5;42,7;11,6;eor
183;19770701;19770731;5;5,13;15,42;18,52;12,94;4,1;22;-999;10,2;229,4;5;97,1;39;eor
183;19770801;19770831;5;4,81;16,08;18,73;13,98;3,95;21,2;-999;10,2;229,5;5;76,5;23,1;eor
183;19770901;19770930;5;4,38;12,88;15,6;10,6;4,19;21,6;-999;6,8;202,7;5;36,1;8,6;eor
183;19771001;19771031;5;5,57;10,24;12,35;8,27;3,83;15,3;-999;3,8;82,1;5;35,2;7,9;eor
183;19771101;19771130;5;6,32;6,02;7,83;4,05;4,88;12,8;-999;-0,2;35,5;5;92;19;eor
183;19771201;19771231;5;7,02;3,11;4,88;1,39;4,63;13,1;-999;-2,7;11;5;36,8;8,9;eor
183;19780101;19780131;5;6,61;1,07;2,68;-0,62;4,31;5,8;-999;-3,8;29,4;5;41,8;10,9;eor
183;19780201;19780228;5;6,17;-1,02;0,94;-3,26;4,1;8,1;-999;-9,9;57,9;5;37,4;8;eor
183;19780301;19780331;5;5,99;2,3;4,96;0,18;4,24;16,6;-999;-6,1;95,5;5;41,9;5,8;eor
183;19780401;19780430;5;5,42;3,52;6,2;1,69;4,23;11,1;-999;-1,2;154,3;5;5,1;2,5;eor
183;19780501;19780531;5;3,42;8,85;11,91;6,47;3,88;22,2;-999;0,8;321,5;5;6,1;4,1;eor
183;19780601;19780630;5;4,28;14,67;18,3;11,69;3,3;24,6;-999;8;290,9;5;56,2;11,6;eor
183;19780701;19780731;5;5,23;14,75;17,69;12,39;3,66;22,8;-999;9,9;194,4;5;42,5;19,7;eor
183;19780801;19780831;5;4,33;16,12;19,32;13,61;3,89;24,8;-999;8,8;248;5;43,2;14,8;eor
183;19780901;19780930;5;5,55;12;14,23;10,29;4,61;18,2;-999;6;129,2;5;96,1;12,6;eor
183;19781001;19781031;5;5,82;9,92;12,2;8,07;4,05;19,4;-999;3,8;73;5;27,6;7;eor
183;19781101;19781130;5;6,63;6,7;8,78;4,72;4,63;11,7;-999;-0,4;35;5;27,2;8;eor
183;19781201;19781231;5;7,12;0,71;2,64;-0,87;4,74;6,4;-999;-8,5;21,1;5;53,7;9,6;eor
183;19790101;19790131;5;6,76;-3,11;-1,26;-4,87;4,27;0,9;-999;-10,8;16,8;5;15,1;4,7;eor
183;19790201;19790228;5;5,35;-3;-1,04;-5,07;4,69;2,5;-999;-8,8;53,4;5;13,3;3,8;eor
183;19790301;19790331;5;6,24;0,87;3,48;-1,33;4,84;14,7;-999;-8,3;86,2;5;43,6;6,2;eor
183;19790401;19790430;5;4,94;4,12;6,87;1,99;4,19;16,2;-999;-0,7;151,5;5;21,8;5,4;eor
183;19790501;19790531;5;4,08;10,43;14,72;7,02;3,73;22,2;-999;1,2;279,8;5;46,5;12,8;eor
183;19790601;19790630;5;4,17;14,36;17,93;11,44;3,69;23,2;-999;6,6;255,9;5;18,2;5,9;eor
183;19790701;19790731;5;5,14;14,11;17,21;11,28;4,33;21,2;-999;9,3;209;5;36,4;11,9;eor
183;19790801;19790831;5;4,74;15,47;18,81;12,45;3,69;21,6;-999;9,3;245,2;5;164,3;48;eor
183;19790901;19790930;5;4,3;12,84;15,77;10,13;3,92;23,7;-999;5,8;166;5;41,3;13,9;eor
183;19791001;19791031;5;3,56;8,73;10,95;6,82;4,23;15,5;-999;1,6;192;5;9,8;4,7;eor
183;19791101;19791130;5;6,4;4,26;5,92;2,56;4,59;8,6;27;-0,1;35,4;5;58,8;14;eor
183;19791201;19791231;5;6,59;3,13;4,7;1,37;4,7;11;35;-4,5;19,4;5;57,8;13,1;eor
183;19800101;19800131;5;6,18;-2,36;-0,41;-4,81;3,57;3,5;30;-11,6;40,2;5;21,8;5,4;eor
183;19800201;19800229;5;6,49;-0,75;0,56;-2,63;3,7;2,8;27;-8,4;40,4;5;27,8;6,5;eor
183;19800301;19800331;5;4,91;0,48;2,17;-1,35;4,75;10;29;-4,6;133,2;5;17,7;5;eor
183;19800401;19800430;5;4,79;4,34;7,29;1,89;3,55;16,9;31;-1,1;169,5;5;33,3;12,4;eor
183;19800501;19800531;5;3,97;8,27;11,03;5,6;3,44;15,9;19;1,6;302,9;5;14,7;9,1;eor
183;19800601;19800630;5;5,03;13,28;16,4;10,66;3,51;19,9;26;7,7;211;5;90,6;22,6;eor
183;19800701;19800731;5;5,17;15,57;18,06;13,44;3,56;21,1;21;10,1;213,5;5;99,2;33,6;eor
183;19800801;19800831;5;5,34;15,63;18,04;13,63;3,88;22,2;29;10,2;168,4;5;87,2;22,4;eor
183;19800901;19800930;5;3,84;13,89;16,44;11,71;3,54;20,4;27;10;205,2;5;33,7;13,4;eor
183;19801001;19801031;5;5,78;9,06;10,94;6,86;4,51;13,9;27;1,2;90,5;5;75,7;16,1;eor
183;19801101;19801130;5;6,57;4,75;6,6;2,69;5,09;11,2;29;-1,9;50,5;5;55,2;9,6;eor
183;19801201;19801231;5;6,42;2,45;4,01;0,47;5,17;8,4;32;-4,9;21;5;40,4;5,8;eor
183;19810101;19810131;10;6,15;-0,13;1,28;-2,26;4,85;6,2;34;-9,3;47,1;10;46,4;17,8;eor
183;19810201;19810228;10;6,28;0,75;2,1;-0,85;4,89;6,5;35;-6,3;61,2;10;34,6;6,2;eor
183;19810301;19810331;10;6,75;3,22;5,47;1,22;4,38;13,4;33;-3,4;79,1;10;67,7;19,5;eor
183;19810401;19810430;10;3,83;5,31;8,5;2,42;3,65;19,6;26;-2,3;260,8;10;9,4;5,2;eor
183;19810501;19810531;10;4,04;10,48;13,52;7,86;3,36;18,7;27;0,7;296,4;10;46,6;9,9;eor
183;19810601;19810630;10;5,68;14;17,12;11,67;3,36;23,5;24;8,3;166,3;10;82,3;22,7;eor
183;19810701;19810731;10;5,08;15,82;18,57;13,47;3,27;22,6;24;10,6;202,6;10;63,1;29,1;eor
183;19810801;19810831;10;4,86;16,03;18,73;13,98;3,3;23,5;20;10,8;238,2;10;35,9;10,4;eor
183;19810901;19810930;10;4,76;14,2;16,88;12,05;2,79;21,8;17;9,3;168;10;36,9;11,2;eor
183;19811001;19811031;10;5,63;8,79;11,15;6,44;4,55;16,8;26;3;97,3;10;109,1;12,4;eor
183;19811101;19811130;10;6;5,52;7,72;3,62;5,54;12,4;36;-0,9;45,9;10;51,1;10,6;eor
183;19811201;19811231;10;6,49;-0,91;1,03;-3;4,4;7,4;25;-8,7;33,3;10;35,2;8,5;eor
183;19820101;19820131;10;5,22;-1,99;0,24;-4,41;4,08;6,9;26;-12,3;64,9;10;42,5;12,1;eor
183;19820201;19820228;10;6,26;-0,72;0,97;-2,26;3,66;6,6;25;-6,2;41,6;10;10;5,4;eor
183;19820301;19820331;10;5,06;3;5,82;0,85;4,05;11,6;25;-2,4;123,9;10;45,2;7,8;eor
183;19820401;19820430;10;3,72;5,56;8,71;2,87;4,04;12,4;27;-0,5;249,7;10;9,6;2,9;eor
183;19820501;19820531;10;4,19;10,3;13,99;7,33;3,43;21,8;22;2,4;267,1;10;33,9;18;eor
183;19820601;19820630;10;4,53;13,92;17,16;11,51;3,41;23,5;20;6,2;276,7;10;37,3;9,8;eor
183;19820701;19820731;10;2,85;17,64;21,07;14,92;3,24;24,9;22;11,4;355,7;10;30,9;24,6;eor
183;19820801;19820831;10;3,99;17,86;21,22;15,29;4,02;26,3;23;10,5;268,4;10;64,4;16,1;eor
183;19820901;19820930;10;3,85;15,01;18,39;12,35;3,71;23,6;23;8,7;195,6;10;9,3;3,8;eor
183;19821001;19821031;10;5,2;11,08;13,02;9,28;3,79;18;22;4,6;112,2;10;35,2;9,5;eor
183;19821101;19821130;10;5,19;6,55;8,51;4,7;4,86;13,2;26;-0,4;63,7;10;36,5;8,5;eor
183;19821201;19821231;10;6,02;2,82;4,69;0,91;4,54;9,3;34;-2,5;30,8;10;42,9;10,3;eor
183;19830101;19830131;10;6,16;4,38;5,96;2,52;5,96;10,7;33;-1,3;31,7;10;47;14,7;eor
183;19830201;19830228;10;5,6;0,4;2,2;-1,25;4,21;6,3;32;-4,6;69,4;10;27,3;5,3;eor
183;19830301;19830331;10;6,22;3,61;5,95;1,64;4,31;9,5;26;-1,6;82;10;48,9;10,2;eor
183;19830401;19830430;10;5,99;5,67;8,47;3,75;3,88;15;22;0,5;114,7;10;74,1;11,4;eor
183;19830501;19830531;10;6,04;9,65;12,42;7,66;3,42;17;26;4,4;156,7;10;83,8;14,6;eor
183;19830601;19830630;10;4,18;14,63;17,88;11,89;3,36;24;24;8,4;288,4;10;45,4;14,3;eor
183;19830701;19830731;10;3,79;18,07;21,54;15,31;3,52;28,9;20;11;343,3;10;5,1;2,1;eor
183;19830801;19830831;10;3,68;18,04;21,73;15,29;3,41;31,1;19;13;289,3;10;39,5;20,3;eor
183;19830901;19830930;10;5,46;14,23;17,09;11,85;4,61;23,8;26;8,5;131,5;10;45,7;12,5;eor
183;19831001;19831031;10;4,97;9,97;12,04;7,39;4,78;17,9;26;0,8;114;10;61,6;13,8;eor
183;19831101;19831130;10;5,9;5,11;7,18;2,76;3,46;11,3;29;-2,2;56,6;10;45,5;12,4;eor
183;19831201;19831231;10;4,84;1,33;3,29;-1,03;4,68;8,5;27;-8;53;10;43;11,7;eor
183;19840101;19840131;10;6,36;1,74;3,28;-0,09;5,29;7,6;35;-3,7;37,2;10;61,5;6,9;eor
183;19840201;19840229;10;6,1;0,48;1,77;-0,93;4,1;6,3;24;-4,9;59;10;23,7;7,8;eor
183;19840301;19840331;10;4,9;1,37;3,41;-0,19;4,43;12,5;21;-2,7;132,8;10;14,2;6,7;eor
183;19840401;19840430;10;5,02;5,49;9,09;2,64;3,4;19,4;26;-0,6;191,7;10;22,3;7;eor
183;19840501;19840531;10;4,83;9,69;12,49;7,46;3,79;18,3;24;3;235,5;10;27,1;14,1;eor
183;19840601;19840630;10;5,71;12,74;15,25;10,67;4,24;21;26;8,5;174;10;95,9;23;eor
183;19840701;19840731;10;5,31;14,95;17,58;12,72;3,91;24,9;25;8,2;224,3;10;76,8;35,4;eor
183;19840801;19840831;10;4,56;17,1;20,04;14,79;3,53;23,6;21;11,3;210,2;10;56,6;19,9;eor
183;19840901;19840930;10;5,71;12,84;15,28;10,9;4,21;23,4;24;8,1;119,1;10;73,9;15,6;eor
183;19841001;19841031;10;5,24;11,15;13,21;9;4,6;16,5;27;4,6;119,5;10;63,7;12,3;eor
183;19841101;19841130;10;5,5;5,55;7,35;3,99;4,74;12,8;27;-0,7;60,7;10;34;18,4;eor
183;19841201;19841231;10;5,82;1,68;3,33;-0,13;4,1;7,9;22;-5,2;44,2;10;34,4;9,2;eor
183;19850101;19850131;10;5,78;-3,28;-0,95;-5,77;4,68;4,2;28;-17;37,9;10;45,3;10,5;eor
183;19850201;19850228;10;5,48;-4;-1,66;-6,1;4,05;4,2;26;-14,1;77,1;10;10,1;3,2;eor
183;19850301;19850331;10;6,92;0,73;2,77;-0,66;3,61;10,5;32;-3,6;42,9;10;46,8;12,5;eor
183;19850401;19850430;10;5,66;4,57;7,91;2,09;4,16;16,2;24;-0,9;136,9;10;56,2;10,5;eor
183;19850501;19850531;10;4,29;8,05;11,3;5,68;3,86;22,5;22;-0,7;258,9;10;22,3;6,5;eor
183;19850601;19850630;10;5,39;13,15;15,93;10,73;3,42;24,1;18;7,7;217,8;10;51,4;13,3;eor
183;19850701;19850731;10;4,55;16,53;19,75;13,85;3,52;24,7;23;11,3;294,4;10;59;16,1;eor
183;19850801;19850831;10;4,99;16,06;19,42;13,33;3,55;25,7;19;9,6;208;10;65,4;12,7;eor
183;19850901;19850930;10;5,38;12,51;15,33;10,41;4,33;22,3;31;7,5;150,2;10;47,4;13;eor
183;19851001;19851031;10;5,05;10,19;12,51;7,99;3,33;23,2;29;2;98,4;10;16,1;7,1;eor
183;19851101;19851130;10;5,83;3,14;5,15;1,06;4,42;11,4;29;-3,8;52;10;46,4;9,9;eor
183;19851201;19851231;10;6,64;3,47;5,27;1,54;4,35;10,7;35;-4,9;17,8;10;94,8;16,9;eor
183;19860101;19860131;10;6,61;-0,06;1,54;-1,75;4,74;6,7;32;-7,4;28,7;10;64;16,3;eor
183;19860201;19860228;10;5,66;-3,57;-1,77;-5,7;4,64;1,2;27;-14;69,9;10;17,5;5,1;eor
183;19860301;19860331;10;5,38;1,28;3,67;-0,66;4;11,2;34;-12,1;92,8;10;31,5;5;eor
183;19860401;19860430;10;6,19;3,04;5,67;0,88;3,87;12;31;-2,7;88,8;10;37,7;10,3;eor
183;19860501;19860531;10;4,35;10,58;14,08;7,59;3,62;23,1;21;4,7;277,1;10;40,8;9,4;eor
183;19860601;19860630;10;3,73;13,73;16,94;10,88;3,47;23,1;24;5,2;294,9;10;39,2;17,1;eor
183;19860701;19860731;10;4,95;16,42;19,4;13,58;3,73;25,4;25;9;263,6;10;98,1;28,5;eor
183;19860801;19860831;10;4,26;15,71;18,84;13,02;3,55;27;22;9,2;267,9;10;21,2;5;eor
183;19860901;19860930;10;4,81;11,11;13,73;8,93;4,35;16,2;25;5,5;178;10;53,1;26,9;eor
183;19861001;19861031;10;4,63;9,27;11,79;7,17;4,22;18,9;29;3;114,4;10;54,7;16,1;eor
183;19861101;19861130;10;5,87;7,06;8,69;5,27;4,68;13;31;1,9;71,5;10;56;18,6;eor
183;19861201;19861231;10;6,35;2,46;4,42;0,51;4,83;11;30;-6;28,6;10;45,5;10,2;eor
183;19870101;19870131;10;6,29;-4,08;-1,33;-6,63;4,95;3,9;36;-14,2;28;10;19,4;2;eor
183;19870201;19870228;10;5,62;-0,8;1,09;-2,73;4,11;5,3;26;-8,2;71,1;10;26,1;6,2;eor
183;19870301;19870331;10;5,02;-1,55;0,8;-3,64;4,15;10,4;24;-10,3;136,3;10;21,8;4,6;eor
183;19870401;19870430;10;5,44;4,95;7,96;2,55;3,9;21,7;20;-2,8;153,6;10;37;14,2;eor
183;19870501;19870531;10;4,91;8,41;11,64;5,85;3,75;17;19;3,8;227,4;10;29,3;5,1;eor
183;19870601;19870630;10;6;12,19;15,65;9,44;3,57;28,1;24;6,6;156,6;10;73,3;21,4;eor
183;19870701;19870731;10;5,45;14,69;17,7;12,45;3,78;27,4;29;9,6;214,5;10;98,7;48,2;eor
183;19870801;19870831;10;5,33;14,65;17,41;12,45;3,71;24,3;23;8,5;197,9;10;48,2;12,1;eor
183;19870901;19870930;10;4,62;13,03;15,81;10,74;4,15;22,8;26;7,3;184,1;10;86,4;30,4;eor
183;19871001;19871031;10;4,05;10,11;12,51;8,13;4,23;17,2;23;1,9;159,7;10;2,4;0,9;eor
183;19871101;19871130;10;6,78;6,02;7,34;4,58;4,06;9,6;32;0;16,1;10;68,6;18,8;eor
183;19871201;19871231;10;6;2,97;4,67;1,27;4,52;9,5;24;-6,5;46,4;10;35,2;7,4;eor
183;19880101;19880131;10;6,84;3,25;4,75;1,75;4,23;10,7;27;-0,7;20,2;10;76,8;11,5;eor
183;19880201;19880229;10;5,96;2,41;4,18;0,66;4,82;7,4;31;-2,9;45,9;10;45,6;6,4;eor
183;19880301;19880331;10;6;1,85;4,06;0;4,29;9,4;22;-3;121,1;10;36,6;11,4;eor
183;19880401;19880430;10;5,15;5,24;8,68;2,75;4,09;24;29;-1,1;196,9;10;27,6;12,9;eor
183;19880501;19880531;10;3,35;10,48;13,84;8,08;4,16;19,2;23;5,2;333,6;10;33,1;13,2;eor
183;19880601;19880630;10;4,95;14,65;18,08;12,33;3,65;22,5;27;8,7;210,7;10;33,6;9,3;eor
183;19880701;19880731;10;5,59;16,99;20,73;14,19;3,72;25,9;22;11,6;216,5;10;93,2;15,6;eor
183;19880801;19880831;10;4,58;16,35;19,71;13,72;3,93;22,6;21;10,6;217,7;10;28,4;13,7;eor
183;19880901;19880930;10;4,88;13,93;16,79;11,94;4,45;21,2;24;7,8;-999;10;61,8;12,1;eor
183;19881001;19881031;10;4,73;9,16;11,6;7,27;4,57;15,5;28;-0,2;-999;10;45,4;7,8;eor
183;19881101;19881130;10;5,23;3,77;6,1;1,63;4,52;8,8;33;-5,5;75;10;29;9,4;eor
183;19881201;19881231;10;5,62;3,48;5,18;1,28;5,81;9,7;35;-3,9;49,5;10;36,6;15;eor
183;19890101;19890131;10;6,1;3,92;5,55;1,89;5,24;7,7;33;-2,5;38,2;10;12;2,6;eor
183;19890201;19890228;10;5,85;4,35;6,21;2,29;5,3;10,4;27;-0,4;68,6;10;18,6;4,3;eor
183;19890301;19890331;10;5,61;5,52;8,42;3,14;4,61;17,7;31;0,2;126,4;10;39;5,8;eor
183;19890401;19890430;10;4,65;6,51;9,42;4,01;4,44;18,3;38;-1,8;204,9;10;25,6;7,8;eor
183;19890501;19890531;10;3,38;11,88;15,51;8,92;3,87;23,2;25;5,3;358,2;10;10,7;4;eor
183;19890601;19890630;10;3,84;15,48;19,15;11,94;3,09;25,6;20;5,7;321,6;10;37,3;10;eor
183;19890701;19890731;10;4,54;17,47;20,68;14,92;4,32;26,9;28;11,1;293,3;10;46,6;13,4;eor
183;19890801;19890831;10;4,81;16,6;19,97;13,89;4,17;27,8;33;10,8;229,5;10;112,9;43,8;eor
183;19890901;19890930;10;3,53;15,37;18,09;13,15;3,9;25,9;24;10;220,3;10;16,9;6,5;eor
183;19891001;19891031;10;5,81;11,42;13,52;9,47;4,67;18,3;30;6;93;10;60,5;10,4;eor
183;19891101;19891130;10;4,53;5,37;7,31;2,96;4,25;12,1;26;-2,5;101,5;10;31;9,7;eor
183;19891201;19891231;10;5,85;3,31;5,08;0,62;4,82;11,8;29;-4,8;46,3;10;85,3;24,4;eor
183;19900101;19900131;10;6,3;3,59;5,05;1,92;-999;8,4;33;-2,8;22,4;10;30,5;7,5;eor
183;19900201;19900228;10;5,1;5,79;8,21;3,32;5,4;15,6;39;-1,1;87,6;10;29,9;5,7;eor
183;19900301;19900331;10;4,45;6,35;8,94;3,98;5,58;18,2;33;0,4;152,9;10;28;13;eor
183;19900401;19900430;10;3,59;7,32;10,49;4,64;4,42;18,7;23;-1,3;257,1;10;24,3;3,8;eor
183;19900501;19900531;10;3,6;12,44;15,53;9,66;3,45;20,1;22;6,6;322,4;10;21,1;7,4;eor
183;19900601;19900630;10;6;15,3;18,23;13,27;3,72;23,6;24;10,7;187,8;10;41,6;16,3;eor
183;19900701;19900731;10;4,64;16,44;19,5;14,11;4,38;23,7;23;10,9;263,3;10;40,3;12,3;eor
183;19900801;19900831;10;4,18;17,57;20,75;15,07;3,69;28,9;29;11,3;258,8;10;69,6;18,5;eor
183;19900901;19900930;10;5,67;12,84;14,8;10,93;4,5;18,4;34;5,9;138,1;10;104,1;23,1;eor
183;19901001;19901031;10;5;10,85;12,87;9,22;4,59;17,9;34;4,2;116,2;10;34,4;11;eor
183;19901101;19901130;10;6,18;5,97;7,63;4,31;4,28;11,5;30;0,7;44,6;10;114,9;21,2;eor
183;19901201;19901231;10;6,07;2,64;4,16;0,85;5,03;7,5;29;-2,1;42,4;10;28,1;8,2;eor
183;19910101;19910131;10;4,89;2,41;4,24;0,72;4,76;10,7;36;-4,8;76,1;9;50,5;17,2;eor
183;19910201;19910228;10;6,31;-0,6;1,28;-2,67;4,87;11,3;31;-7,3;60,9;9;30,7;8,7;eor
183;19910301;19910331;10;5,52;3,74;6,27;1,84;4,24;12,2;26;-0,5;129,2;9;15,9;9,4;eor
183;19910401;19910430;10;4,5;5,8;8,84;3,74;4,06;15,5;23;-0,4;-999;9;47,6;21,6;eor
183;19910501;19910531;10;4,83;8,57;11,35;6,2;4,02;18,3;28;3,3;236,2;9;30,7;16,1;eor
183;19910601;19910630;10;6,31;12,16;15,81;9,37;4,09;21,5;28;4,8;167,8;9;138,4;31,9;eor
183;19910701;19910731;10;3,71;17,13;20,29;14,51;3,92;26,5;22;12,1;310,6;9;86,7;37;eor
183;19910801;19910831;10;4,56;17,08;20,35;15,02;4,04;28,3;23;12,5;224,7;9;46,2;22,4;eor
183;19910901;19910930;10;4,73;14,62;17,38;11,97;3,92;22,7;22;7,4;185;9;30,7;7,2;eor
183;19911001;19911031;10;4,47;9,56;12,16;7,39;4,24;16;28;0,9;-999;9;25,7;5,7;eor
183;19911101;19911130;10;6,3;5,1;6,79;3,26;4,9;12,3;24;-0,7;58,7;9;36,4;6,4;eor
183;19911201;19911231;10;5,1;2,55;4,64;0,41;4,69;9,7;27;-6,4;41,6;9;40,5;8,4;eor
183;19920101;19920131;10;5,35;2,41;4,07;0,45;4,59;7,7;30;-5,5;56,6;9;24,1;8,8;eor
183;19920201;19920229;10;6,34;3,21;4,97;1,34;4,78;9,5;29;-3;51,5;9;20;3,4;eor
183;19920301;19920331;10;5,61;4,27;6,56;2,17;4,65;13,1;32;-1,8;104,7;9;39,5;9,8;eor
183;19920401;19920430;10;5,4;6,32;9,08;4,08;4,28;16,4;24;0,7;164,9;9;31;10,8;eor
183;19920501;19920531;10;3,14;11,36;13,79;8,91;4,28;17,8;26;3,2;329;9;23,9;11,6;eor
183;19920601;19920630;10;3,02;16,1;18,81;13,49;4,06;27;22;11,4;382,7;9;0;0;eor
183;19920701;19920731;10;4,45;18,12;21,09;15,71;3,98;27,2;25;12,4;303,8;9;48,2;13,8;eor
183;19920801;19920831;10;5,01;17,35;20,73;14,49;4,2;29,3;29;11,8;213,2;9;104,3;29,5;eor
183;19920901;19920930;10;4,74;13,81;16,07;11,98;3,97;18,6;23;9,1;184,1;9;35,2;12;eor
183;19921001;19921031;10;5,43;7,11;9,16;5,15;4,57;14,5;28;-1,3;132,1;9;120,5;35,7;eor
183;19921101;19921130;10;5,88;5,05;6,8;2,87;5,16;10,5;40;-1;46,8;9;61,9;12,1;eor
183;19921201;19921231;10;5,53;2,42;3,96;0,6;4,28;9;26;-7,8;63,9;9;22;9,4;eor
183;19930101;19930131;10;4,69;2,23;4,47;-0,09;5,85;11,1;46;-8,5;84,5;9;43,1;10,8;eor
183;19930201;19930228;10;6,52;1,08;2,64;-0,56;4,26;5,3;29;-5,2;45,8;9;19,9;5,6;eor
183;19930301;19930331;10;5,42;3,07;5,47;1,07;4,57;11,8;27;-2,3;128,9;9;5,7;4,2;eor
183;19930401;19930430;10;4,68;6,21;8,86;4,32;4,4;22,1;23;0,4;212,9;9;16,4;7,7;eor
183;19930501;19930531;10;3,69;11,13;13,94;8,95;3,98;19,5;26;5,1;299,4;9;27,3;9,2;eor
183;19930601;19930630;10;5,15;13,9;16,71;11,36;3,9;19,9;22;8,7;271;9;40,3;8,4;eor
183;19930701;19930731;10;5,59;15,12;18,25;12,54;4,36;24,2;26;10,4;223,1;9;97,5;21,4;eor
183;19930801;19930831;10;5,16;15,03;17,97;12,53;4,05;24,5;23;10;232,5;9;40,1;8,8;eor
183;19930901;19930930;10;6,32;11,84;13,5;10,36;4,36;18,7;28;8;109,2;9;78,1;19,4;eor
183;19931001;19931031;10;5,46;8,53;10,6;6,41;4,04;16,1;32;0,5;99,9;9;92,7;35;eor
183;19931101;19931130;10;6,75;2,9;4,41;1,44;4,48;8,2;29;-5,3;27;9;23,9;8,4;eor
183;19931201;19931231;10;6,64;2,62;4,08;0,92;5,32;10,9;33;-5,3;27,7;9;74,3;10,3;eor
183;19940101;19940131;10;6,56;2,55;4,01;0,96;5,18;8,9;28;-4;37,7;9;67,6;12,4;eor
183;19940201;19940228;10;6,01;-0,86;0,4;-2,5;4,05;4,3;26;-6,9;57,5;9;18,5;9,6;eor
183;19940301;19940331;10;5,54;3,27;5,68;1,29;5,21;13,1;30;-2,4;138,7;9;68,1;11;eor
183;19940401;19940430;10;4,26;6,37;9,02;4,31;4,08;18,2;27;-0,1;221,2;9;27,3;14,3;eor
183;19940501;19940531;10;4,81;9,33;11,95;7,3;4,06;16,3;25;4;241,3;9;15,1;4,9;eor
183;19940601;19940630;10;4,61;13,16;16,27;10,5;4,48;27,1;27;7;260,5;9;61,4;29,3;eor
183;19940701;19940731;10;2,64;19,21;22,26;16,62;3,15;27,3;27;11,6;402,5;9;2,4;2,3;eor
183;19940801;19940831;10;4,47;17,79;20,52;15;3,81;27,2;31;9,7;246,8;9;72,5;19,7;eor
183;19940901;19940930;10;6,06;13,59;15,72;11,57;4,25;18,7;30;8,7;97,6;9;106,6;23,1;eor
183;19941001;19941031;10;4,93;8,55;10,84;6,21;4,58;14,2;28;2,8;124,8;9;33,6;8,9;eor
183;19941101;19941130;10;5,58;7,07;8,49;5,5;4,92;12,2;28;-1,2;81,9;9;25;7;eor
183;19941201;19941231;10;6,27;3,82;5,43;2;5,01;11;26;-4,1;47,5;9;58,6;12,5;eor
183;19950101;19950131;10;5,81;0,66;2,53;-0,91;5,13;9;44;-6,1;52,5;9;59,6;20,7;eor
183;19950201;19950228;10;5,79;3,73;5,67;1,73;5,55;11;33;-1;71,2;9;32,6;12;eor
183;19950301;19950331;10;5,15;3,11;5,43;0,91;5,15;10;33;-4;130,2;9;26,4;8,5;eor
183;19950401;19950430;10;4,89;5,42;7,58;3,45;4,85;12,5;34;0,5;204,3;9;42,6;8,4;eor
183;19950501;19950531;10;4,62;9,58;12,57;7,21;4,03;19,3;27;4,3;289,3;9;38,8;8,7;eor
183;19950601;19950630;10;4,86;13,5;16,63;10,95;3,64;21,6;21;8,1;238;9;51,3;25,3;eor
183;19950701;19950731;10;3,86;17,77;20,92;15,08;3,83;30,2;22;10,2;321,4;9;22,1;9;eor
183;19950801;19950831;10;3,53;19,16;22,19;16,24;3,5;26,5;23;11,3;335,2;9;2,8;1,2;eor
183;19950901;19950930;10;6,05;13,87;16,21;11,9;4,48;20,9;34;5,9;119,1;9;76,6;23,4;eor
183;19951001;19951031;10;5,13;11,9;14,29;9,58;4,05;20,9;26;3,7;127,4;9;23,1;10,3;eor
183;19951101;19951130;10;5,74;3,85;6,17;1,74;4,4;10,8;36;-3;68,1;9;26,4;11,7;eor
183;19951201;19951231;10;5,39;-0,6;1,16;-2,69;3,99;5,7;27;-11;67,6;9;23,4;12,8;eor
183;19960101;19960131;10;7,28;-1,83;-0,62;-3,27;3,28;1,6;24;-8,6;26,8;9;2;1;eor
183;19960201;19960229;10;5,83;-2,77;-1,21;-4,71;4,47;5;36;-10,6;57;9;24,1;6,9;eor
183;19960301;19960331;10;5,23;-0,35;0,92;-1,55;4,49;3,9;23;-5,3;138,3;9;8,9;4,1;eor
183;19960401;19960430;10;3,8;6,35;9,88;3,54;3,8;24,6;23;-2,3;253,4;9;17,8;8,5;eor
183;19960501;19960531;10;6,04;8,2;10,79;6,01;4,31;26,3;28;3,5;164,1;9;97,2;32,9;eor
183;19960601;19960630;10;5,24;13,35;16,2;10,94;4,12;24,1;25;7,2;227,5;9;46;20,7;eor
183;19960701;19960731;10;5,36;14,83;17,88;12,18;4,15;22,1;26;8,7;224;9;63,4;28,4;eor
183;19960801;19960831;10;3,97;17,58;20,11;15,52;3,77;22,9;21;13,5;271,5;9;53,4;37,3;eor
183;19960901;19960930;10;4,6;12,66;14,79;10,66;4,58;19,6;24;8,3;206,7;9;45,8;15,7;eor
183;19961001;19961031;10;4,94;10,2;12,49;8,33;4,01;15,2;28;4,9;146,8;9;32,6;8,7;eor
183;19961101;19961130;10;6,53;5,65;7,41;3,86;4,86;14,8;31;-1,4;48,9;9;66,3;10,9;eor
183;19961201;19961231;10;6,27;-0,15;1,95;-2,07;4,47;5,8;26;-11,1;48,6;9;25,9;12,3;eor
183;19970101;19970131;10;5,41;-0,83;1;-2,95;3,96;4,7;22;-9,6;56,6;9;0,7;0,2;eor
183;19970201;19970228;10;5,74;2,8;4,84;0,78;5,61;11,2;29;-5,1;76,1;9;30,8;6,6;eor
183;19970301;19970331;10;4,22;3,84;6,11;1,55;4,71;13,2;27;-2,5;190,7;9;22,6;13;eor
183;19970401;19970430;10;4,9;5,32;8,14;2,65;4,65;15,5;31;-0,5;203,5;9;25,6;7,9;eor
183;19970501;19970531;10;5,33;9,19;12,3;6,74;4,31;19,8;25;3,3;239,6;9;77,9;17,6;eor
183;19970601;19970630;10;4,58;14,18;17,14;11,84;3,9;23,2;21;7,9;256,9;9;56,7;21,3;eor
183;19970701;19970731;10;4,5;17,48;20,28;15,31;3,69;22,1;22;12,4;317,1;9;28,5;14,5;eor
183;19970801;19970831;10;2,72;21,19;24,49;18,48;3,14;27,8;18;11,8;352,7;9;9,8;9,5;eor
183;19970901;19970930;10;4,92;14,87;17,26;12,45;4,31;23,2;29;7,9;173,3;9;65,3;29,5;eor
183;19971001;19971031;10;5,42;8,88;10,91;6,84;4,64;18,9;32;0,6;111,6;9;74,4;12;eor
183;19971101;19971130;10;6,75;4,96;6,39;3,28;4,13;11,3;21;-0,7;33;9;32,2;8,6;eor
183;19971201;19971231;10;6,57;2,75;4,31;1,29;4,44;9,4;25;-5,8;31,2;9;35,5;9,3;eor
183;19980101;19980131;10;5,92;2,99;4,77;1,45;4,54;10,6;30;-6,6;68,3;9;53,6;12,2;eor
183;19980201;19980228;10;7,33;4,33;6,07;2,39;5,84;11,9;29;-8,3;52,2;9;25,1;5,7;eor
183;19980301;19980331;10;5;3,57;5,8;1,3;4,45;12,7;27;-2,8;171,2;9;34,3;12,8;eor
183;19980401;19980430;10;6,3;6,4;9,24;4,36;4,08;17;24;0,6;135;9;49,9;12;eor
183;19980501;19980531;10;4,59;11,17;14,12;8,69;4,04;23,3;22;5,2;301,6;9;17,6;4,8;eor
183;19980601;19980630;10;5,44;14,16;17,09;11,55;3,8;21,3;27;8,4;251,2;9;104,6;29,9;eor
183;19980701;19980731;10;5,69;14,91;17,79;12,21;4,38;26,3;26;9,7;201,3;9;75,8;21,1;eor
183;19980801;19980831;10;5,43;15,33;18,09;13,12;4,32;24;25;9,2;186,6;9;52,6;11,5;eor
183;19980901;19980930;10;6,02;13,98;16,34;12,31;3,95;21,9;24;8,4;134;9;66,3;24,4;eor
183;19981001;19981031;10;5,89;8,97;10,94;7,17;5,61;16,7;32;3,9;91,1;9;67,8;8,9;eor
183;19981101;19981130;10;6,61;2,27;3,67;0,77;3,9;8,3;26;-7,4;22,6;9;53;13,5;eor
183;19981201;19981231;10;5,89;0,86;2,65;-1,16;4,41;9,5;31;-12,8;61,5;9;42,4;12,1;eor
183;19990101;19990131;10;6,74;2,07;3,92;0,13;4,52;10,5;29;-7;33;9;51,5;12,9;eor
183;19990201;19990228;10;5,9;1,16;2,82;-0,66;4,66;8,8;37;-7,8;68;9;22,5;4;eor
183;19990301;19990331;10;6,09;3,48;6,11;1,47;3,85;14,9;24;-2,4;93,6;9;62;17,3;eor
183;19990401;19990430;10;4,95;6,81;9,74;4,56;4,39;15,4;30;2,1;192,5;9;55,2;28,4;eor
183;19990501;19990531;10;3,96;10,15;13,03;7,5;3,68;20,4;23;3,7;284,2;9;23,3;6,6;eor
183;19990601;19990630;10;4,79;14,39;17,54;11,42;3,33;23,3;20;7,5;269;9;114,8;23,2;eor
183;19990701;19990731;10;4,12;17,97;20,95;15,28;3,69;24,5;21;11,6;292,4;9;31,1;7;eor
183;19990801;19990831;10;4,76;17,29;20,25;14,71;3,75;24,4;22;11,3;260;9;100,5;24,5;eor
183;19990901;19990930;10;3,74;16,47;19,35;14,33;3,56;23,6;21;10,5;228;9;35,1;16,5;eor
183;19991001;19991031;10;5,27;9,87;11,92;8,15;4,71;16,5;27;4,2;118,4;9;41,4;9,8;eor
183;19991101;19991130;10;5,92;5,37;7,07;3,53;4,55;14,1;31;-2,7;66,3;9;45;21,8;eor
183;19991201;19991231;10;6,14;2,77;4,57;0,92;5,24;9;50;-4,4;28,3;9;90,6;12,6;eor
183;20000101;20000131;10;5,99;2,15;3,75;0,29;5,07;7,2;36;-6;70,1;9;41,9;8,1;eor
183;20000201;20000229;10;5,94;3,46;5,31;1,43;5,12;12,9;27;-3,5;79,2;9;28;5,3;eor
183;20000301;20000331;10;5,78;3,76;5,73;2,11;5,03;8,6;30;-0,5;123,8;9;40,8;9,4;eor
183;20000401;20000430;10;4,58;7,6;10,55;5,22;3,66;23,3;20;1,8;234,7;9;15,9;7,4;eor
183;20000501;20000531;10;3,26;12,28;15,78;9,52;3,61;25,7;24;7,1;329,6;9;44,8;10,9;eor
183;20000601;20000630;10;5,46;14,54;17,81;11,76;4,12;30,6;24;7,3;237,5;9;67,9;11,7;eor
183;20000701;20000731;10;5,79;15,15;17,69;12,95;3,85;21,2;23;10,1;187,6;9;21,1;8,3;eor
183;20000801;20000831;10;4,65;16,38;19,33;14,04;3,63;23,4;23;11,2;231,8;9;30,9;7,6;eor
183;20000901;20000930;10;4,96;14,13;15,97;12,33;4,11;19,2;21;10,1;179,5;9;52,5;13,7;eor
183;20001001;20001031;10;5,41;11,74;13,81;10,09;4,13;17,8;28;7,6;91,7;9;32,9;7;eor
183;20001101;20001130;10;6,28;7,05;8,57;5,41;4,39;12,6;22;2,4;66;9;34,2;8,9;eor
183;20001201;20001231;10;6,5;3,97;5,69;2,28;4,23;11,3;28;-4,4;36,7;9;29,1;7,7;eor
183;20010101;20010131;10;6,42;1,8;3,19;0,35;3,97;6;21;-3,8;44,3;9;20,2;6,3;eor
183;20010201;20010228;10;5,67;1,41;3,6;-0,48;4,56;11,4;27;-6,7;100,8;9;28,4;4,2;eor
183;20010301;20010331;10;5,63;2,25;4,25;0,33;4,3;10,9;28;-4,5;127,8;9;19,9;4,4;eor
183;20010401;20010430;10;5,68;5,54;8,26;3,12;3,87;17,2;23;-2,1;153,5;9;50,4;7,9;eor
183;20010501;20010531;10;3,81;11,26;14,33;8,44;3,94;19,9;23;5,1;323,9;9;29,8;9,6;eor
183;20010601;20010630;10;5,08;13,4;16,04;10,92;3,7;23,1;17;7,9;245,3;9;47,1;10,8;eor
183;20010701;20010731;10;3,97;18,31;21,33;15,48;3,48;25,2;21;11,2;309,3;9;27,6;8,8;eor
183;20010801;20010831;10;5;17,95;20,99;15,5;3,97;30,6;28;11,5;232,4;9;94,3;27,1;eor
183;20010901;20010930;10;6,21;13,2;15,3;11,21;4,03;18,9;25;8,6;96,8;9;132,5;30,5;eor
183;20011001;20011031;10;6;12,19;14,28;10,41;4,45;18,8;28;5,8;101,7;9;31,4;11,3;eor
183;20011101;20011130;10;6,01;5,71;7,41;3,42;4,8;11,5;29;-0,4;59,6;9;34,4;6;eor
183;20011201;20011231;10;7,05;1,28;3,02;-0,58;4,58;7,2;34;-6,3;21,2;9;45,2;11,2;eor
183;20020101;20020131;10;6,98;2,19;3,97;0,28;5,13;10,2;34;-6,9;34,9;9;34,7;7,8;eor
183;20020201;20020228;10;5,45;4,26;6,2;1,98;5,39;13;36;-2,6;105;9;50,8;10,3;eor
183;20020301;20020331;10;5,75;4,49;6,75;2,58;4,71;14;28;-0,8;148,9;9;23,5;7,6;eor
183;20020401;20020430;10;5,44;6,41;8,84;4,31;4,07;13,8;27;-0,4;167,4;9;27,1;5,6;eor
183;20020501;20020531;10;5,2;11,42;13,91;9,35;3,74;17,4;20;6,5;231,1;9;60;13,6;eor
183;20020601;20020630;10;4,63;15,59;18,33;13,16;4,6;26;25;10;282,3;9;72,8;30,2;eor
183;20020701;20020731;10;5,12;17,34;19,93;14,89;4,19;24;30;11,2;247,9;9;47,4;16,2;eor
183;20020801;20020831;10;4,48;19,78;22,04;17,99;3,77;24,2;19;16,5;257,5;9;21,7;6,1;eor
183;20020901;20020930;10;4,16;16,33;18,68;13,86;3,97;23,3;26;9;212,8;9;65,5;28,3;eor
183;20021001;20021031;10;6,23;8,83;10,91;6,66;4,61;18;32;0,9;76;9;125,4;21,1;eor
183;20021101;20021130;10;6,86;5,17;6,61;3,38;4,27;10,1;25;-1,1;41,5;9;65,2;18;eor
183;20021201;20021231;10;6,35;0,73;2,19;-0,85;4,58;6;27;-6,9;41;9;21,6;11,1;eor
183;20030101;20030131;10;6,72;0,37;1,94;-1,41;5,03;7,7;28;-8,9;30,9;9;32,2;6,6;eor
183;20030201;20030228;10;4,68;-1,06;0,49;-2,78;3,46;4;19;-7,8;105,9;9;2,5;0,9;eor
183;20030301;20030331;10;4,13;2,9;5,59;0,68;4,03;12,3;22;-2,6;204,9;9;8,7;5,8;eor
183;20030401;20030430;10;4,21;5,55;8,24;3,35;4,43;17,2;26;-1,2;255,2;9;34;7,4;eor
183;20030501;20030531;10;4,58;12,08;15,52;9,25;3,68;20,5;24;5,3;290,9;9;53,8;14;eor
183;20030601;20030630;10;4,66;16,09;18,97;13,48;4,23;25,2;27;11,7;304;9;34,1;9,8;eor
183;20030701;20030731;10;4,64;18,24;21,01;15,92;3,45;25,7;20;12,9;260,4;9;71,1;17,9;eor
183;20030801;20030831;10;4,06;18,79;21,46;16,32;3,58;27,2;29;10,9;272,3;9;41;29,8;eor
183;20030901;20030930;10;4,52;15,13;17,72;12,74;4,03;24,1;25;9,3;225,4;9;47,9;16,2;eor
183;20031001;20031031;10;5,01;7,91;9,99;5,57;4,13;15;24;-0,1;128,4;9;58,9;14,7;eor
183;20031101;20031130;10;6,28;6,83;8,29;5,31;4,27;12,4;25;0,3;48;9;35,6;8,6;eor
183;20031201;20031231;10;5,95;3,72;5,6;1,68;5,03;9,3;28;-3,7;49,6;9;38,6;11,1;eor
183;20040101;20040131;10;6,76;-0,89;0,78;-2,75;4,39;5,4;24;-7,9;53,5;9;56,9;12,2;eor
183;20040201;20040229;10;5,88;1,83;3,63;-0,06;4,59;10,7;26;-4,4;70,4;9;31,3;8,5;eor
183;20040301;20040331;10;5,54;3,87;6,08;2,02;4,74;16,7;32;-3,5;150,9;9;24,8;10,2;eor
183;20040401;20040430;10;4,39;6,8;9,19;4,83;3,87;13,1;26;0,6;245,8;9;26;4,6;eor
183;20040501;20040531;10;5,11;10,32;12,95;7,96;4,19;18,2;24;4,6;274;9;34,6;11,5;eor
183;20040601;20040630;10;5,52;13,58;16,08;11,14;4,4;19,8;24;7,5;203,9;9;65;18,8;eor
183;20040701;20040731;10;5,35;15,53;18,31;13,17;3,77;23,3;21;10,4;237,1;9;60,6;18,9;eor
183;20040801;20040831;10;4,41;18,1;21,04;15,45;3,61;25,1;20;10,7;227,7;9;79,8;19,8;eor
183;20040901;20040930;10;4,51;14,47;17,23;11,74;4,3;22,6;25;8,2;213,5;9;39,9;11,9;eor
183;20041001;20041031;10;5,71;10,53;12,28;8,79;4,52;18,6;24;5,8;107,2;9;74,9;33,3;eor
183;20041101;20041130;10;5,96;5,83;7,61;3,78;4,7;11,3;39;-1,2;72,2;9;30,2;6,1;eor
183;20041201;20041231;10;6,65;3,76;5,32;1,83;4,84;7,8;26;-2,4;30,8;9;39,9;7,1;eor
183;20050101;20050131;10;5,83;3,47;5,06;1,73;5,48;12,5;35;-3,9;69;9;25,4;8,6;eor
183;20050201;20050228;10;5,84;0,49;1,82;-0,92;5,11;5,5;34;-4,8;61;9;45,7;13,2;eor
183;20050301;20050331;10;5,38;1,14;3,13;-0,91;4,45;10,5;24;-4,7;157,3;9;32;8;eor
183;20050401;20050430;10;3,72;6,7;9,62;4,02;4,27;15,7;30;-0,6;272;9;18,6;13,7;eor
183;20050501;20050531;10;5,25;10,8;14,01;8,09;3,61;25,3;22;3;241,1;9;60,3;15,2;eor
183;20050601;20050630;10;5,12;14,1;16,99;11,36;3,97;24,1;20;6,5;275;9;24,7;5,9;eor
183;20050701;20050731;10;4,73;17,85;20,86;15,08;3,58;26,3;27;12,6;276,6;9;59,7;17,7;eor
183;20050801;20050831;10;4,61;16,07;18,76;13,63;4,03;23,6;24;10,4;262;9;44,4;20,5;eor
183;20050901;20050930;10;4,19;15,52;18,29;13,07;3,7;28,6;20;6,6;206,7;9;41,1;13,4;eor
183;20051001;20051031;10;3,52;12,03;14;10,12;3,87;17,3;24;6,3;196,5;9;38,6;10,8;eor
183;20051101;20051130;10;5,34;5,76;7,7;3,66;4,17;13,2;22;-4;88;9;44,3;9,3;eor
183;20051201;20051231;10;6,37;2,7;4,05;1;4,71;7,8;28;-3,2;40,8;9;39,6;5,6;eor
183;20060101;20060131;10;6,06;-1,5;0,34;-3,48;4,35;3,7;26;-13,9;69,2;9;8,1;4,1;eor
183;20060201;20060228;10;6,83;0,02;1,42;-1,23;4,21;4,1;23;-6,4;47,6;9;32,3;9,3;eor
183;20060301;20060331;10;5,7;0,54;2,85;-1,75;4,65;14,1;24;-7,5;128,7;9;42,3;19,8;eor
183;20060401;20060430;10;5,7;5,64;8,56;3,36;4,23;12,6;24;0;141,8;9;25,4;5,6;eor
183;20060501;20060531;10;4,06;10,43;13,28;7,88;4,19;19,6;22;4,5;278,7;9;62,6;12,5;eor
183;20060601;20060630;10;4,47;15,49;18,37;12,58;3,33;24,6;20;7,3;287;9;30,9;17;eor
183;20060701;20060731;10;2,79;21,2;24,19;18,1;2,97;26,9;16;14,5;389,5;9;12,4;4,6;eor
183;20060801;20060831;10;5,69;17,98;20,93;15,36;3,61;25,1;21;11,5;195,3;9;123,6;19,3;eor
183;20060901;20060930;10;3,29;16,84;19,32;14,65;4,1;21,5;26;11,6;241,7;9;61,6;32;eor
183;20061001;20061031;10;5,6;12,88;15,18;10,74;4,26;18,7;30;4,6;103,3;9;35,5;6;eor
183;20061101;20061130;10;5,86;7,83;9,82;5,78;4,83;13,9;30;0,7;57,7;9;65,8;10,7;eor
183;20061201;20061231;10;6,61;6,47;7,84;4,86;5,06;12,9;38;1;34,8;9;37,1;12;eor
183;20070101;20070131;10;6,37;5,15;7,04;3,02;5,97;12,1;34;-4,6;58,4;9;74,7;12,6;eor
183;20070201;20070228;10;6,96;2,39;3,79;0,93;4,61;8,5;24;-3,2;40,3;9;33,6;4,7;eor
183;20070301;20070331;10;4,52;5,5;7,78;3,4;4,77;15;29;0,5;184,1;9;27,7;6,3;eor
183;20070401;20070430;10;3,31;8,18;11;5,76;4,1;18,4;26;2;299;9;6,4;3,8;eor
183;20070501;20070531;10;4,83;11,9;15,22;9,05;3,65;23,1;24;4;246,4;9;48,4;9,3;eor
183;20070601;20070630;10;5,03;15,89;18,75;13,35;4,02;24,8;34;10,7;234,8;9;134,2;45,6;eor
183;20070701;20070731;10;5,52;16,6;19,59;14,13;4,35;28;24;11,1;216,1;9;155,3;40,7;eor
183;20070801;20070831;10;5,03;17,25;19,57;15,18;4,06;25,2;24;11,1;216,1;9;46,2;10,7;eor
183;20070901;20070930;10;5,34;13,61;15,99;11,47;4,53;19,9;26;9,4;161,8;9;58,4;21,6;eor
183;20071001;20071031;10;5,38;9,84;11,68;7,91;3,87;16,1;21;2,1;137,1;9;27,9;12,2;eor
183;20071101;20071130;10;6,16;5,38;6,98;3,36;4,8;12,2;30;-0,2;62,6;9;51,1;10,2;eor
183;20071201;20071231;10;7;3,51;4,88;2,04;4,29;10,9;26;-5,1;18,1;9;43;11,1;eor
183;20080101;20080131;10;6,56;3,35;4,79;1,73;5,23;9,6;31;-5,2;28,6;9;25,9;4,3;eor
183;20080201;20080229;10;5,79;4,24;6,12;2,36;5,21;11,7;36;-1,2;91,6;9;18,5;4,6;eor
183;20080301;20080331;10;5,55;3,94;6,47;1,81;4,71;12,7;30;-3,1;146;9;36,4;5,8;eor
183;20080401;20080430;10;5,09;6,42;8,71;4,53;3,73;17,4;20;0,3;203,2;9;81,9;26,4;eor
183;20080501;20080531;10;3,36;12,02;14,75;9,21;3,35;21,3;24;6,9;387,3;9;36,5;22,5;eor
183;20080601;20080630;10;3,77;14,88;18,48;11,66;4,17;25,2;24;8,3;314,5;9;21,8;4;eor
183;20080701;20080731;10;4,06;17,47;20,65;14,6;3,97;23,7;30;10,7;316,6;9;25,3;6,1;eor
183;20080801;20080831;10;5,7;17,47;20,67;14,74;4,1;27,9;28;11,9;185,8;9;59;17,9;eor
183;20080901;20080930;10;5,78;14,32;16,69;12,09;4,3;21,8;24;8,2;134;9;37,9;7,8;eor
183;20081001;20081031;10;5,46;9,85;12,19;7,59;4,61;17,1;33;2,4;114;9;66,2;18,6;eor
183;20081101;20081130;10;6,62;6,63;8,35;4,72;4,9;14,1;31;-0,1;38;9;24,8;6,1;eor
183;20081201;20081231;10;6,3;3,23;4,79;1,34;3,97;7,9;30;-3,8;36,7;9;38,1;9;eor
183;20090101;20090131;10;6,38;0,74;2,18;-1,21;4,06;4,2;25;-5,4;38,9;9;11,3;1,9;eor
183;20090201;20090228;10;6,68;0,52;1,64;-0,71;4,04;5,3;24;-3,4;36;9;28,2;9;eor
183;20090301;20090331;10;6,13;3,22;5,25;1,34;3,94;8,9;24;-3;104,1;9;44,5;13,4;eor
183;20090401;20090430;10;2,74;7,73;10,61;5,43;3,67;20;20;1,3;318,7;9;4,1;4,1;eor
183;20090501;20090531;10;4,35;11,11;14,3;8,61;4;24,8;25;5,4;289,9;9;62,5;16,2;eor
183;20090601;20090630;10;4,68;13,38;16,17;11,1;4,13;21,4;26;7,3;271,3;9;41,5;7,7;eor
183;20090701;20090731;10;4,75;18,05;21,9;14,81;3,65;27,2;22;10,4;264,1;9;50,7;12,9;eor
183;20090801;20090831;10;4,48;18,5;21,62;15,63;3,71;25;19;11,7;291,6;9;22,6;15,6;eor
183;20090901;20090930;10;4,55;15,62;18,32;13,23;4,23;24,7;22;9,3;223,3;9;27,7;8,7;eor
183;20091001;20091031;10;6,27;8,75;10,35;6,96;3,94;16;29;3,8;85,4;9;54,5;15,4;eor
183;20091101;20091130;10;6,58;7,18;8,64;5,73;4,57;12;30;0,7;34,4;9;76,2;13;eor
183;20091201;20091231;10;6,98;1,25;2,93;-0,56;3,9;7,7;30;-12,4;27,7;9;36,4;9,6;eor
183;20100101;20100131;10;6,94;-2,39;-0,75;-4,13;4,35;1,9;34;-8,2;33,1;9;34,4;19;eor
183;20100201;20100228;10;7,31;-0,81;0,59;-2,38;4,07;5,3;21;-6,6;25,9;9;37,3;7,9;eor
183;20100301;20100331;10;5,55;2,68;5,3;0,57;4,06;17,4;22;-4,4;145,4;9;22,6;6,5;eor
183;20100401;20100430;10;4,35;6,27;9,78;3,59;4,1;22,2;24;-0,5;245,8;9;15,5;5,6;eor
183;20100501;20100531;10;6,09;8,58;11,23;6,54;4,1;17,5;27;2,2;160,2;9;98,3;28,8;eor
183;20100601;20100630;10;3,97;13,72;16,92;11,05;3,5;21,9;22;8,7;318,6;9;35;9,6;eor
183;20100701;20100731;10;3,92;20,05;23,2;16,9;3,39;30,3;20;12;316,8;9;25,7;7,5;eor
183;20100801;20100831;10;6,03;17,67;20,19;15,17;3,52;25,7;24;9;179,6;9;234,6;65,6;eor
183;20100901;20100930;10;5,53;13,64;15,78;11,69;4,3;20,8;26;9;171,7;9;37,8;9,9;eor
183;20101001;20101031;10;5,48;9,01;11,08;6,79;4,23;15;23;2,1;146,7;9;46;18,3;eor
183;20101101;20101130;10;6,98;5,41;6,79;3,73;4,6;12,3;29;-4,5;27,5;9;103,7;18,1;eor
183;20101201;20101231;10;7,1;-2,62;-0,64;-5,12;4,61;4,9;32;-11,5;13;9;41,1;7;eor
183;20110101;20110131;10;6,5;0,49;2,05;-1,09;4,03;7,9;28;-5,7;45,8;9;35;9,6;eor
183;20110201;20110228;10;6,27;-0,56;1,02;-2,24;5,11;8,4;30;-9,7;60,8;9;30,4;13,5;eor
183;20110301;20110331;10;4,8;2,43;5,26;0,08;4,45;12,5;27;-4,6;159,7;9;24,6;9,4;eor
183;20110401;20110430;10;3,64;8,07;10,99;5,61;4,43;16,5;26;1,3;271,7;9;17,4;11,2;eor
183;20110501;20110531;10;4,18;11,36;15,03;8,27;4;24,4;22;2,8;311,8;9;40,2;11,1;eor
183;20110601;20110630;10;4,47;15,37;18,44;12,76;3,5;22,6;21;10;313,5;9;60,1;14,1;eor
183;20110701;20110731;10;6,23;16,57;18,93;14,49;3,48;22,6;22;11,4;171,8;9;204,9;40,2;eor
183;20110801;20110831;10;6,15;16,35;19,26;13,91;3,74;22,4;24;10,2;173,6;9;146,3;23,2;eor
183;20110901;20110930;10;5,1;15,02;17,86;12,28;4,1;23,2;25;9,9;191,2;9;41,3;8,4;eor
183;20111001;20111031;10;4,67;10,37;12,61;8,18;4,26;20,5;23;3,5;145,4;9;30,3;6,1;eor
183;20111101;20111130;10;5,29;6,31;7,7;4,63;3,93;13,1;33;0;77,5;9;1,8;0,5;eor
183;20111201;20111231;10;6,55;4,08;5,75;2,12;5,13;9,9;26;-0,8;31,7;9;81,5;12,7;eor
183;20120101;20120131;10;5,89;2,48;3,97;0,64;4,58;10,6;28;-3,8;61;9;54,8;8,7;eor
183;20120201;20120229;10;-999;-0,49;1,62;-2,79;4,9;8;30;-16,2;67,1;9;29,1;5;eor
183;20120301;20120331;10;-999;4,65;7,43;2,36;4,48;15,3;23;-1,1;186,2;9;12,2;3;eor
183;20120401;20120430;10;5,23;6,07;8,94;3,76;3,8;17,2;25;-2,7;198,2;9;29,1;7,9;eor
183;20120501;20120531;10;4,43;10,91;14,06;7,95;3,87;20,9;23;3,8;287,3;9;10,9;5,3;eor
183;20120601;20120630;10;5,45;13,48;16,65;10,58;3,77;22,3;25;6,5;239,4;9;68,7;24,6;eor
183;20120701;20120731;10;5,25;16,37;19,67;13,76;3,68;29,3;22;10,7;231,7;9;85,3;18,7;eor
183;20120801;20120831;10;4,42;17,65;20,77;14,74;3,35;29,6;23;11,1;257,3;9;25,4;10,1;eor
183;20120901;20120930;10;5,11;14,44;17,41;11,86;4,33;28,5;23;8,3;181,5;9;33,2;9;eor
183;20121001;20121031;10;5,27;9,57;11,83;7,38;4,1;19,4;25;1,8;134,3;9;53,2;10,6;eor
183;20121101;20121130;10;6,62;5,95;7,51;4,22;4,2;11;22;0,4;52,1;9;45,6;9,7;eor
183;20121201;20121231;10;-999;0,97;2,63;-1,08;4,23;7,8;22;-11,1;27,5;9;37,5;5,2;eor
183;20130101;20130131;10;6,99;0,92;2,3;-0,67;4,45;8,3;29;-7,9;24,1;9;72,3;13,5;eor
183;20130201;20130228;10;7,18;0,14;1,25;-1,12;4,25;4,9;24;-6,2;12,7;9;45,7;8,9;eor
183;20130301;20130331;10;4,97;-0,32;1,36;-2,04;5;7,5;29;-6,9;172;9;11,5;4,7;eor
183;20130401;20130430;10;4,87;5,58;9,04;3;4,17;20,8;23;-2,5;231;9;16,1;7,9;eor
183;20130501;20130531;3;4,67;10,95;13,76;8,33;3,61;19,5;18;3,4;254,4;9;67,7;14,6;eor
183;20130601;20130630;3;4,57;14,8;17,96;11,87;3,47;24,3;21;9,4;279,73;9;77,2;21,3;eor
183;20130701;20130731;3;3,56;18,09;21,01;15,79;3,29;30,1;18;12,5;321,85;9;22;7;eor
183;20130801;20130831;3;4,33;18,26;21,55;15,42;3,35;30;20;12,6;271;9;38,1;18,3;eor
183;20130901;20130930;3;4,85;14,12;16,66;11,75;3,4;20,4;21;8;174,75;9;31,3;8;eor
183;20131001;20131031;3;5,33;11,28;13,59;8,88;4,32;18,1;32;2,9;120,65;9;47,1;12,4;eor
183;20131101;20131130;3;6,04;6,28;7,88;4,39;4,4;11;27;-0,8;58,63;9;49;10;eor
183;20131201;20131231;3;6,47;4,67;6,35;2,67;4,84;11,2;35;-1,9;30,32;9;33,3;8,2;eor
183;20140101;20140131;3;6,85;1,08;2,32;-0,53;4,52;9,6;29;-9,5;21,85;9;39,3;8,8;eor
183;20140201;20140228;3;5,06;3,61;6,13;1,59;4,11;9,6;24;-1,7;101,18;9;18,6;5,2;eor
183;20140301;20140331;3;4,68;5,46;8,29;2,86;4;16,9;27;-1,5;183,63;9;18,8;6,8;eor
183;20140401;20140430;3;4,54;7,63;10,22;5,37;3,93;17,3;26;1,7;227,13;9;34,7;8,9;eor
183;20140501;20140531;3;4,58;11,53;14,29;9,12;3,94;21,6;25;4,7;253,49;9;24,9;5,4;eor
183;20140601;20140630;3;4,24;15,23;18,23;12,49;3,13;21,4;19;9,7;305,08;9;47,8;17,5;eor
183;20140701;20140731;3;3,55;19,15;21,87;16,73;3,84;25,7;19;10,1;338,22;9;24,4;9,7;eor
183;20140801;20140831;3;4,76;17,29;20,54;14,22;3,74;26,8;24;9,1;240,83;9;133,6;27;eor
183;20140901;20140930;3;4,06;15,67;17,57;13,9;3,73;21,1;22;8,4;203,17;9;66,5;27,4;eor
183;20141001;20141031;3;6,12;12,52;14,39;10,72;3,65;19,6;20;5;83,17;9;44,5;8,5;eor
183;20141101;20141130;3;6,5;7,9;9,17;6,46;3,73;15,2;20;-1,2;48,55;9;16,6;8,3;eor
183;20141201;20141231;3;6,51;3,04;4,85;1,07;4,74;9,8;25;-3,9;25,05;9;87,3;21,2;eor
183;20150101;20150131;3;6,28;2,93;4,64;1,15;4,87;9,1;38;-2,6;39,53;9;63,7;7,7;eor
183;20150201;20150228;3;5,3;2,08;3,91;0,38;4,25;7;24;-2;100,83;9;10,9;4,6;eor
183;20150301;20150331;3;5,3;4,46;6,94;2,32;4,45;15;25;-0,4;152,22;9;41,9;12,2;eor
183;20150401;20150430;3;4,15;7,24;10,57;4,57;4,13;20,6;25;1,4;243,71;9;17,9;4,7;eor
183;20150501;20150531;3;4,21;10,45;14,03;7,07;4;22,1;22;3,9;264,1;9;51;15;eor
183;20150601;20150630;3;4,56;13,7;16,64;10,95;3,73;22,2;20;9,3;264,97;9;39,3;19,3;eor
183;20150701;20150731;3;4,32;16,49;19,73;13,38;3,9;26,7;22;10,7;279,33;9;57;12,6;eor
183;20150801;20150831;3;3,38;17,98;20,59;15,58;3,39;26,5;25;10,3;295,91;9;41,1;12,6;eor
183;20150901;20150930;3;4,31;14,78;17,32;12,56;3,9;23,1;24;9,3;211,3;9;51,4;20,4;eor
183;20151001;20151031;3;5,75;10,53;12;8,84;3,39;15,9;22;6,1;103,59;9;39,4;12,4;eor
183;20151101;20151130;3;6,26;7,52;9,37;5,42;4,6;15,1;31;0,1;37,7;9;120;19;eor
183;20151201;20151231;3;6,11;6,45;8,07;4,59;5;11,7;29;-0,5;46,1;9;80,5;32,5;eor
183;20160101;20160131;3;6,01;0,39;2,43;-1,68;4,16;10;23;-8,8;52,75;9;26,8;4,1;eor
183;20160201;20160229;3;5,47;3;5,05;1,19;4,31;9,2;28;-2,3;95,32;9;33,1;13;eor
183;20160301;20160331;3;5,68;3,73;6,27;1,73;3,45;13,6;18;-1,4;105,04;9;14,1;6,5;eor
183;20160401;20160430;3;4,74;6,72;9,69;4,3;4;16,2;21;-0,3;194,88;9;20;4;eor
183;20160501;20160531;3;3,46;11,86;14,78;9,65;3,48;20,6;21;6,3;339,77;9;24,5;12,1;eor
183;20160601;20160630;3;3,49;16,06;19,04;13,29;3,2;28,8;19;10;302,43;9;26,5;5,3;eor
183;20160701;20160731;3;5,69;17,75;21,03;14,9;3,42;25,1;23;11,2;244,07;9;88,8;18,8;eor
183;20160801;20160831;3;-999;17,34;20,65;14,51;-999;32,2;20;10,2;239,4;9;50,9;13,5;eor
183;20160901;20160930;3;4,84;17,21;20,12;14,84;3,27;23,9;24;11,4;232,13;9;15,3;7,1;eor
183;20161001;20161031;3;6,98;9,97;11,6;8,31;4,19;17,2;28;6;47,7;9;75,3;15;eor
183;20161101;20161130;3;5,97;5,04;6,97;3,09;4,17;11;22;-2,2;76,31;9;38,7;8,1;eor
183;20161201;20161231;3;6,71;4,35;5,89;2,46;4,55;8,9;29;-2,5;57,72;9;36;13,4;eor
183;20170101;20170131;3;6,29;0,76;2,57;-1,04;3,94;6,5;27;-5,7;61,72;3;15,4;3;eor
183;20170201;20170228;3;-999;1,81;3,47;0,12;-999;10,5;26;-4,8;62,6;3;37,9;12,8;eor
183;20170301;20170331;3;6,13;4,9;7,75;2,66;4,1;17,7;22;0;123,17;3;51,1;13,2;eor
183;20170401;20170430;3;5,33;6,39;9,07;4,1;4,33;13,9;23;-0,7;193,2;3;35,4;12,4;eor
183;20170501;20170531;3;5,63;11,48;14,64;8,98;3,94;26,8;26;3,6;271,22;3;22,3;5;eor
183;20170601;20170630;3;5,64;15,31;18,17;12,93;4,27;25,4;22;10,8;262,73;3;88,7;25;eor
183;20170701;20170731;3;5,79;16,12;18,99;13,84;3,45;24;29;11,8;238,97;3;102,2;20,5;eor
183;20170801;20170831;3;5,05;17,55;20,64;14,68;3,52;25,2;20;12,2;255,4;3;83,2;18,5;eor
183;20170901;20170930;3;6,37;14,1;16,24;12,31;3,77;18,9;26;8,9;133,37;3;39,6;8,5;eor
183;20171001;20171031;3;-999;11,63;13,23;10,08;4,61;17;27;5,5;94,72;3;76,9;10,1;eor
183;20171101;20171130;3;6,63;6,51;8,04;4,75;4,33;12,2;26;1,5;37,84;3;62,7;8,9;eor
183;20171201;20171231;3;7,3;3,85;5,45;2,32;4,94;9,8;29;-1;29,23;3;40,5;9,1;eor
183;20180101;20180131;3;7,02;2,87;4,44;0,88;4,26;10,2;25;-3,1;31,62;3;68,6;12,5;eor
183;20180201;20180228;3;6,28;-0,28;1,48;-2,12;-999;4,2;23;-7,4;87,65;3;18,9;7,2;eor
183;20180301;20180331;3;6,84;0,43;2,41;-1,23;-999;9,2;30;-9,2;84,85;3;51,2;9,1;eor
183;20180401;20180430;3;4,95;8,22;11,9;5,38;4,27;25,5;24;0;240,87;3;41,8;14,7;eor
183;20180501;20180531;3;3,19;12,94;15,56;10,54;3,35;19,5;22;4,6;373,07;3;7,2;6,3;eor
183;20180601;20180630;3;4,5;16,66;19,89;13,64;3,53;25,5;21;9,5;326,73;3;24,1;20,8;eor
183;20180701;20180731;3;3,69;19,78;22,73;17,08;3,19;27,9;17;12,1;325,75;3;16,8;9,9;eor
183;20180801;20180831;3;5,13;19,54;22,6;16,62;3,58;29,6;25;11,5;244,83;3;54,5;13,4;eor
183;20180901;20180930;3;5,63;15,85;19,19;12,73;4,03;27,4;28;7,4;207,72;3;26,6;9,6;eor
183;20181001;20181031;3;4,94;11,57;14,33;9,08;4,29;20,7;27;4,8;166,83;3;35,7;9,3;eor
183;20181101;20181130;3;6,12;6,77;8,26;5,12;3,77;12,7;24;0,1;69,18;3;8,8;3,6;eor
183;20181201;20181231;3;7,25;4,41;5,87;3,05;4,48;11,1;22;-1,6;25,48;3;58,6;14,5;eor
